Title,Featured,Master Class Categories,Master Class Tags
Lacrosse Fundamentals Course POWLAX (1),https://powlax.com/wp-content/uploads/2022/01/Lacrosse-Fundamentals-Course-POWLAX-1.webp,Skill Development,Individual Course|Strategy Master Classes
1|Youth Lacrosse Coaching Master Class,https://powlax.com/wp-content/uploads/2024/01/1-1.png,,Coaching Master Classes|Individual Course
Virginia-2-2-2-form-X-Course,https://powlax.com/wp-content/uploads/2021/07/Virginia-2-2-2-form-X-Course.webp,Offenses,Individual Course|Strategy Master Classes
Untitled design|Cuse Motion Offense -Courses|82C95FC2-7C9C-4F70-93B0-8A3EF3FFB752,https://powlax.com/wp-content/uploads/2021/07/Untitled-design.webp,Offenses,Individual Course|Strategy Master Classes
Twist Man Up Play Course,https://powlax.com/wp-content/uploads/2021/07/Twist-Man-Up-Play-Course.webp,Man Up / Man Down,Individual Course|Strategy Master Classes
ohio state Pairs|Ohio-State-Pairs-Course|Screenshot 2025-04-11 at 11.31.28 PM,https://powlax.com/wp-content/uploads/2021/07/Screenshot-2025-04-11-at-11.34.05 PM.png,Offenses,Individual Course|Strategy Master Classes
Executing and Defending 2 Man Games Course,https://powlax.com/wp-content/uploads/2022/01/Executing-and-Defending-2-Man-Games-Course.webp,Defense|Offenses,Individual Course|Strategy Master Classes
EE0E8FB9-CB96-4FBC-A3C2-44CDAABD8092|BBB14B9A-A3AA-4888-9CD1-E7296A153D12,https://powlax.com/wp-content/uploads/2021/07/EE0E8FB9-CB96-4FBC-A3C2-44CDAABD8092.webp,Defense,Individual Course|Strategy Master Classes
Types of 2 Man Games Course,https://powlax.com/wp-content/uploads/2021/07/Copy-of-Copy-of-Twist-Man-Up-Play-Course.webp,Offenses,Individual Course|Strategy Master Classes
2466E064-FC2A-4C46-8430-4132A0059EFA,https://powlax.com/wp-content/uploads/2021/07/2466E064-FC2A-4C46-8430-4132A0059EFA.webp,Offenses,Individual Course|Strategy Master Classes
01B58AB0-3B32-417B-8D1C-5B86D20FCDD2,https://powlax.com/wp-content/uploads/2021/07/01B58AB0-3B32-417B-8D1C-5B86D20FCDD2.webp,Offenses,Individual Course|Strategy Master Classes
2 Man Games - Off Ball Options | Lacrosse | POWLAX Master Class,https://powlax.com/wp-content/uploads/2023/01/2-Man-Games-Off-Ball-Options-Lacrosse-POWLAX-Master-Class.webp,Offenses,Hidden|Individual Course|Strategy Master Classes
2C4FA472-E46D-4F9E-9EC3-1F72DD0DAEDF|45D2CBBB-98E4-4FB3-96EC-9228FCEC9A30,https://powlax.com/wp-content/uploads/2021/07/2C4FA472-E46D-4F9E-9EC3-1F72DD0DAEDF.webp,Offenses,Individual Course|Strategy Master Classes
Penn State Offense Course|Picks Behind Offense Course|14 Wing PAirs Course|3 High Offense,https://powlax.com/wp-content/uploads/2021/08/Penn-State-Offense-Course.webp,Offenses,Individual Course|Strategy Master Classes
14 Wing PAirs Course,https://powlax.com/wp-content/uploads/2021/08/14-Wing-PAirs-Course.webp,Offenses,Individual Course|Strategy Master Classes
3 High Offense,https://powlax.com/wp-content/uploads/2021/08/3-High-Offense.webp,Offenses,Individual Course|Strategy Master Classes
Picks Behind Offense Course,https://powlax.com/wp-content/uploads/2021/08/Picks-Behind-Offense-Course.webp,Offenses,Individual Course|Strategy Master Classes
21-12 Offense Course,https://powlax.com/wp-content/uploads/2021/08/21-12-Offense-Course.webp,Offenses,Individual Course|Strategy Master Classes
4-3 Alpha Clear Course,https://powlax.com/wp-content/uploads/2021/08/4-3-Alpha-Clear-Course.webp,Clears,Individual Course|Strategy Master Classes
997744FA-E85F-4423-ACDB-46A78B755F97,https://powlax.com/wp-content/uploads/2021/08/997744FA-E85F-4423-ACDB-46A78B755F97.webp,Face Offs,Individual Course|Strategy Master Classes
Near Man Defense Coures,https://powlax.com/wp-content/uploads/2021/12/Near-Man-Defense-Coures.webp,Defense,Individual Course|Strategy Master Classes
Duke Fade and Follow Course,https://powlax.com/wp-content/uploads/2022/01/Duke-Fade-and-Follow-Course.webp,Offenses,Individual Course|Strategy Master Classes
Wesleyans Championship 3-3 Zone Course,https://powlax.com/wp-content/uploads/2022/01/Wesleyans-Championship-3-3-Zone-Course.webp,Defense|Offenses,Individual Course|Strategy Master Classes
L Fast Break,https://powlax.com/wp-content/uploads/2022/01/Screenshot-2025-04-11-at-11.35.12 PM.png,Transition O &amp; D,Individual Course|Strategy Master Classes|Transition Master Class
Roncalli Lacrosse Course | POWLAX|34C416E6-95FF-4288-850F-6C425EA39B86,https://powlax.com/wp-content/uploads/2022/02/Copy-of-Elements-of-a-Great-Practice.webp,,Hidden|Team Course
Screen Shot 2022-03-30 at 5.17.28 AM,https://powlax.com/wp-content/uploads/2022/03/Screen-Shot-2022-03-30-at-5.17.28-AM.webp,,Hidden|Team Course
Wellesley-Lacrosse-Logo,https://powlax.com/wp-content/uploads/2022/04/Wellesley-Lacrosse-Logo.webp,,Hidden|Team Course
10 Man Ride,https://powlax.com/wp-content/uploads/2023/01/Screenshot-2025-04-11-at-11.31.28 PM.png,Transition O &amp; D,Individual Course|Strategy Master Classes|Transition Master Class
Benjamin-School,,,Hidden|Team Course
2-3-2 Clear | POWLAX | Lacrosse,https://powlax.com/wp-content/uploads/2020/08/2-3-2-Clear-POWLAX-Lacrosse-1-1.webp,Transition O &amp; D,Individual Course|Strategy Master Classes|Transition Master Class
IMG_20230121_171907_225|Warriors-logo,https://powlax.com/wp-content/uploads/2023/02/IMG_20230121_171907_225.webp,,Hidden|Team Course
46847E41-5BE7-4621-8160-30CD741FAC66,https://powlax.com/wp-content/uploads/2023/03/46847E41-5BE7-4621-8160-30CD741FAC66.webp,,Hidden|Team Course
image0,,,Hidden|Team Course
Olentangy-Berkshire-Sentinels-Lacrosse-Master-Class,,,Hidden|Team Course
ALL-BBL-Logo-No-Background-1,,,Hidden|Team Course
image,,,Hidden|Team Course
The Riding Playbook Thumbnail (1),https://powlax.com/wp-content/uploads/2024/02/The-Riding-Playbook-Thumbnail-1.webp,,Strategy Master Classes
Box and 1 Man Down Defense,https://powlax.com/wp-content/uploads/2024/01/Screenshot-2025-04-11-at-11.36.00 PM.png,,Strategy Master Classes
2|1,https://powlax.com/wp-content/uploads/2024/01/2-1.png,,Coaching Master Classes|Individual Course
Untitled design,https://powlax.com/wp-content/uploads/2021/07/Untitled-design.webp,Offenses,Free Course|Hidden|Individual Course
Ridgeline-Riverhawk,,,Hidden|Team Course
OHS|OHS-1|OHS-2,,,Hidden|Team Course
NVLA-Knights-Championship-Photo,,,Hidden|Team Course
Deerfield-LacrosseLogo,,,Hidden|Team Course
Wild Cat Trap ZOne,https://powlax.com/wp-content/uploads/2024/02/Wild-Cat-Trap-ZOne.webp,Defense,Individual Course|Strategy Master Classes
4 Man Wheel Man Up Plays Master Class,https://powlax.com/wp-content/uploads/2024/02/Screenshot-2025-04-11-at-11.37.09 PM.png,,Strategy Master Classes
Poland-Lacrosse-Logo,,,Hidden|Individual Course
Whalers-Logo,,,Hidden|Team Course
IMG_8216,,,Hidden|Team Course
1-4-1 Double Mumbo to Weave Set Play,https://powlax.com/wp-content/uploads/2024/02/Screenshot-2025-04-11-at-11.30.06 PM.png,,Strategy Master Classes
1-4-1 Shifted Triangles Motion Offense,https://powlax.com/wp-content/uploads/2024/02/Screenshot-2025-04-11-at-11.27.50 PM.png,,Strategy Master Classes
Arrowhead-Lacrosse-Club-Symbol|Arrowhead2024BlueLetters,,,Hidden|Team Course
Dirty-Dawg-Head|Screenshot-2024-06-03-at-8.41.03-PM|dirty-dogs-LC-02,,,Hidden|Team Course
Screenshot-2024-08-17-at-9.49.36-AM,,,Hidden|Team Course
Cedar Lacrosse Logo,,,Hidden|Team Course
Carlmont Scots Lacrosse,,,Hidden|Team Course
Venice Indians Lacrosse Logo,,,Hidden|Team Course
Noblesville Millers Logo for Online Skills Academy,https://powlax.com/wp-content/uploads/2025/03/Noblesville-Millers-Logo-for-Online-Skills-Academy.png,,Hidden|Team Course
Red Hawks Club Team Playbook|Playbook,https://powlax.com/wp-content/uploads/2025/04/Red-Hawks-Club-Team-Playbook.png,Team Playbook,Team Course|Team Playbooks
Skyline Club Team Playbook|Skyline Spartans - JV|Skyline Spartans - Varsity|Skyline Spartans - Playbook|Red Hawks Club Team Playbook,https://powlax.com/wp-content/uploads/2025/04/Skyline-Club-Team-Playbook.png,Team Playbook,Team Course|Team Playbooks
Your Playbook Featured Image|POWLAX - Club Team|POWLAX - JV (2)|POWLAX - Playbook|POWLAX - Varsity|POWLAX Club Team Playbook,https://powlax.com/wp-content/uploads/2025/07/Your-Playbook-Featured-Image.png,Team Playbook,Custom Coaches Playbooks|Team Course|Team Playbooks
Forge Lacrosse Playbook,https://powlax.com/wp-content/uploads/2025/04/Forge-Lacrosse-Playbook.png,Team Playbook,Team Course|Team Playbooks
Bellingham Lacrosse Logo for Light Backgrounds,https://powlax.com/wp-content/uploads/2025/02/Bellingham-Lacrosse-Logo-for-Light-Backgrounds.png,Team Playbook,Team Course|Team Playbooks
1,https://powlax.com/wp-content/uploads/2024/01/1-1.png,,Coaching Master Classes|Individual Course
14 Carry Step Off Man Up - Lacrosse - POWLAX,https://powlax.com/wp-content/uploads/2020/08/14-Carry-Step-Off-Man-Up-Lacrosse-POWLAX.webp,Coaches Corner,Coaches Corner
1-4-1-Double-Mumbo-to-Weave-1,https://powlax.com/wp-content/uploads/2025/06/1-4-1-Double-Mumbo-to-Weave-1.webp,Coaches Corner,Coaches Corner
1-4-1 Shifted Triangles Motion Offense,https://powlax.com/wp-content/uploads/2024/02/Screenshot-2025-04-11-at-11.27.50 PM.png,Coaches Corner,Coaches Corner
'+1 Ground Ball Drill,https://powlax.com/wp-content/uploads/2025/06/1-Ground-Ball-Drill.webp,Coaches Corner,Coaches Corner
10 Man Ride,https://powlax.com/wp-content/uploads/2023/01/Screenshot-2025-04-11-at-11.31.28 PM.png,Coaches Corner,Coaches Corner
14 Double Mumbo Youtube-3,https://powlax.com/wp-content/uploads/2020/08/14-Double-Mumbo-Youtube-3-1.webp,Coaches Corner,Coaches Corner
21 12 Motion Offense Modification,https://powlax.com/wp-content/uploads/2025/06/21-12-Motion-Offense-Modification.png,Coaches Corner,Coaches Corner
Ground Balls to a Give and Go Thumbnail (1),https://powlax.com/wp-content/uploads/2024/01/Ground-Balls-to-a-Give-and-Go-Thumbnail-1.webp,Coaches Corner,Coaches Corner
2-3-2 Clear | POWLAX | Lacrosse,https://powlax.com/wp-content/uploads/2020/08/2-3-2-Clear-POWLAX-Lacrosse-1-1.webp,Coaches Corner,Coaches Corner
2 Ball Reaction Drill Lacrosse POWLAX,https://powlax.com/wp-content/uploads/2024/04/2-Ball-Reaction-Drill-Lacrosse-POWLAX.png,Coaches Corner,Coaches Corner
Full Field Build Up Drill _ Lacrosse _ POWLAX,https://powlax.com/wp-content/uploads/2024/03/Full-Field-Build-Up-Drill-_-Lacrosse-_-POWLAX.png,Coaches Corner,Coaches Corner
2-Man-Games-Ball-Carrier-Options,https://powlax.com/wp-content/uploads/2020/08/2-Man-Games-Ball-Carrier-Options.webp,Coaches Corner,Coaches Corner
2-Man-Games-Off-Ball-Options-Lacrosse-POWLAX,https://powlax.com/wp-content/uploads/2020/08/2-Man-Games-Off-Ball-Options-Lacrosse-POWLAX.webp,Coaches Corner,Coaches Corner
Defending 2 Man Games | Lacrosse POWLAX,https://powlax.com/wp-content/uploads/2020/08/Defending-2-Man-Games-Lacrosse-POWLAX.webp,Coaches Corner,Coaches Corner
Doubling-Picks-Lacrosse-POWLAX,https://powlax.com/wp-content/uploads/2020/08/Doubling-Picks-Lacrosse-POWLAX.webp,Coaches Corner,Coaches Corner
2 Man Games | Lacrosse | POWLAX,https://powlax.com/wp-content/uploads/2020/08/2-Man-Games-Lacrosse-POWLAX-1.webp,Coaches Corner,Coaches Corner
Pick-Locations-Lacrosse-POWLAX,https://powlax.com/wp-content/uploads/2020/08/Pick-Locations-Lacrosse-POWLAX.webp,Coaches Corner,Coaches Corner
The-Perfect-Pick-Lacrosse-POWLAX,https://powlax.com/wp-content/uploads/2020/08/The-Perfect-Pick-Lacrosse-POWLAX.webp,Coaches Corner,Coaches Corner
Types-of-2-Man-Games-Lacrosse-POWLAX,https://powlax.com/wp-content/uploads/2020/08/Types-of-2-Man-Games-Lacrosse-POWLAX.webp,Coaches Corner,Coaches Corner
21-12-Motion-Offense-Lacrosse-POWLAX,https://powlax.com/wp-content/uploads/2020/08/21-12-Motion-Offense-Lacrosse-POWLAX.webp,Coaches Corner,Coaches Corner
Dodge-Clear-Through-Follow,https://powlax.com/wp-content/uploads/2020/08/Dodge-Clear-Through-Follow-scaled.webp,Coaches Corner,Coaches Corner
Duke-Motion-Lacrosse-POWLAX,https://powlax.com/wp-content/uploads/2020/08/Duke-Motion-Lacrosse-POWLAX.webp,Coaches Corner,Coaches Corner
"3v0, 3v2, and 3v3 Dodge Follow Float|3v0, 3v2, and 3v3 Dodge Follow Float",https://powlax.com/wp-content/uploads/2025/06/3v0-3v2-and-3v3-Dodge-Follow-Float-1.png,Coaches Corner,Coaches Corner
Dodge Follow Float Midfield Motion,https://powlax.com/wp-content/uploads/2025/06/Dodge-Follow-Float-Midfield-Motion.png,Coaches Corner,Coaches Corner
Sweep Fade Float Midfield Motion,https://powlax.com/wp-content/uploads/2025/06/Sweep-Fade-Float-Midfield-Motion.png,Coaches Corner,Coaches Corner
21-12-Motion-Offense-Lacrosse-POWLAX,https://powlax.com/wp-content/uploads/2020/08/21-12-Motion-Offense-Lacrosse-POWLAX.webp,Coaches Corner,Coaches Corner
Big Little Picks,https://powlax.com/wp-content/uploads/2025/06/Big-Little-Picks.webp,Coaches Corner,Coaches Corner
22-Quick-Man-Up-Play-Lacrosse-POWLAX-1,https://powlax.com/wp-content/uploads/2020/08/22-Quick-Man-Up-Play-Lacrosse-POWLAX-1.webp,Coaches Corner,Coaches Corner
3-3 4 Man Wheel Man Up Offense | Lacrosse | POWLAX,https://powlax.com/wp-content/uploads/2020/08/3-3-4-Man-Wheel-Man-Up-Offense-Lacrosse-POWLAX.webp,Coaches Corner,Coaches Corner
Hopkins-4-Man-Wheel-and-Seal-Man-Up-Play-Lacrosse-POWLAX,https://powlax.com/wp-content/uploads/2020/08/Hopkins-4-Man-Wheel-and-Seal-Man-Up-Play-Lacrosse-POWLAX.webp,Coaches Corner,Coaches Corner
3-3 Man Up - Lacrosse - POWLAX,https://powlax.com/wp-content/uploads/2020/08/3-3-Man-Up-Lacrosse-POWLAX.webp,Coaches Corner,Coaches Corner
Twist Man Up Play - Lacrosse - POWLAX,https://powlax.com/wp-content/uploads/2020/08/Twist-Man-Up-Play-Lacrosse-POWLAX.webp,Coaches Corner,Coaches Corner
3 Man Passing,https://powlax.com/wp-content/uploads/2025/06/3-Man-Passing.png,Coaches Corner,Coaches Corner
3v2s-to-4v3s-Youtube-Final-2,https://powlax.com/wp-content/uploads/2020/08/3v2s-to-4v3s-Youtube-Final-2.webp,Coaches Corner,Coaches Corner
4-3 Alpha Clear | Lacrosse | POWLAX,https://powlax.com/wp-content/uploads/2020/08/4-3-Alpha-Clear-Lacrosse-POWLAX-scaled.webp,Coaches Corner,Coaches Corner
Seawolves Drill,https://powlax.com/wp-content/uploads/2022/08/Seawolves-Drill.webp,Coaches Corner,Coaches Corner
5-On-a-Die-Drill-Lacrosse-POWLAX,https://powlax.com/wp-content/uploads/2020/08/5-On-a-Die-Drill-Lacrosse-POWLAX-scaled.webp,Coaches Corner,Coaches Corner
5v4 Continuous Keep Away | Lacrosse | POWLAX,https://powlax.com/wp-content/uploads/2022/02/5v4-Continuous-Keep-Away-Lacrosse-POWLAX.webp,Coaches Corner,Coaches Corner
7v7-Up-Pick-Nations-Youtube-Final-2,https://powlax.com/wp-content/uploads/2020/08/7v7-Up-Pick-Nations-Youtube-Final-2.webp,Coaches Corner,Coaches Corner
7v7-Text-Youtube-Final,https://powlax.com/wp-content/uploads/2020/08/7v7-Text-Youtube-Final.webp,Coaches Corner,Coaches Corner
Man Down Restart Trick Plays (Short) | Lacrosse | POWLAX,https://powlax.com/wp-content/uploads/2020/12/Man-Down-Restart-Trick-Plays-Short-Lacrosse-POWLAX.webp,Coaches Corner,Coaches Corner
4 Man Rotation | Man Down Defense | Lacrosse | POWLAX,https://powlax.com/wp-content/uploads/2020/12/4-Man-Rotation-Man-Down-Defense-Lacrosse-POWLAX.webp,Coaches Corner,Coaches Corner
5 Man Rotation | Man Down Defense | Lacrosse | POWLAX,https://powlax.com/wp-content/uploads/2020/12/5-Man-Rotation-Man-Down-Defense-Lacrosse-POWLAX.webp,Coaches Corner,Coaches Corner
A Complete Guide to Man Down Defense (1),https://powlax.com/wp-content/uploads/2020/09/A-Complete-Guide-to-Man-Down-Defense-1.webp,Coaches Corner,Coaches Corner
Box and 1 | Man Down Defense | Lacrosse | POWLAX,https://powlax.com/wp-content/uploads/2020/12/Box-and-1-Man-Down-Defense-Lacrosse-POWLAX.webp,Coaches Corner,Coaches Corner
Box and Surprise Lock | Man Down Defense | Lacrosse | POWLAX,https://powlax.com/wp-content/uploads/2020/12/Box-and-Surprise-Lock-Man-Down-Defense-Lacrosse-POWLAX.webp,Coaches Corner,Coaches Corner
Duke's Hybrid Man Down Defense | Lacrosse POWLAX,https://powlax.com/wp-content/uploads/2020/12/Dukes-Hybrid-Man-Down-Defense-Lacrosse-POWLAX.webp,Coaches Corner,Coaches Corner
House Man Down Defense | Lacrosse | POWLAX,https://powlax.com/wp-content/uploads/2020/12/House-Man-Down-Defense-Lacrosse-POWLAX.webp,Coaches Corner,Coaches Corner
Jumping The Ball | Man Down Defense | Lacrosse | POWLAX,https://powlax.com/wp-content/uploads/2020/12/Jumping-The-Ball-Man-Down-Defense-Lacrosse-POWLAX.webp,Coaches Corner,Coaches Corner
Man Down Clear | Lacrosse | POWLAX,https://powlax.com/wp-content/uploads/2020/12/Man-Down-Clear-Lacrosse-POWLAX.webp,Coaches Corner,Coaches Corner
Man Down Face Off | Lacrosse | POWLAX,https://powlax.com/wp-content/uploads/2020/12/Man-Down-Face-Off-Lacrosse-POWLAX.webp,Coaches Corner,Coaches Corner
Trick Clear | Man Down Defense | Lacrosse | POWLAX,https://powlax.com/wp-content/uploads/2020/12/Trick-Clear-Man-Down-Defense-Lacrosse-POWLAX.webp,Coaches Corner,Coaches Corner
Pushin P Thumbnail,https://powlax.com/wp-content/uploads/2022/07/Pushin-P-Thumbnail.webp,Coaches Corner,Coaches Corner
Adjacent-Slide-Basics-Lacrosse-POWLAX,https://powlax.com/wp-content/uploads/2020/08/Adjacent-Slide-Basics-Lacrosse-POWLAX-scaled.webp,Coaches Corner,Coaches Corner
Making-Line-Drills-More-Effective-Lacrosse-POWLAX,https://powlax.com/wp-content/uploads/2020/08/Making-Line-Drills-More-Effective-Lacrosse-POWLAX.webp,Coaches Corner,Coaches Corner
Bling Bling Shooting _ Lacrosse _ POWLAX,https://powlax.com/wp-content/uploads/2024/03/Bling-Bling-Shooting-_-Lacrosse-_-POWLAX.png,Coaches Corner,Coaches Corner
Box-Lacrosse-Transition-and-Subbing-Lacrosse-POWLAX,https://powlax.com/wp-content/uploads/2020/08/Box-Lacrosse-Transition-and-Subbing-Lacrosse-POWLAX.webp,Coaches Corner,Coaches Corner
Box-Man-Up-Plays-Double-Pick-Lacrosse-POWLAX,https://powlax.com/wp-content/uploads/2020/08/Box-Man-Up-Plays-Double-Pick-Lacrosse-POWLAX.webp,Coaches Corner,Coaches Corner
Building Box Picks with 4v0 4v3 4v4 Drills | Lacrosse | POWLAX,https://powlax.com/wp-content/uploads/2020/08/Building-Box-Picks-with-4v0-4v3-4v4-Drills-Lacrosse-POWLAX.webp,Coaches Corner,Coaches Corner
3v0s-3v2s-and-3v3s-Lacrosse-POWLAX,https://powlax.com/wp-content/uploads/2020/08/3v0s-3v2s-and-3v3s-Lacrosse-POWLAX.webp,Coaches Corner,Coaches Corner
Building-Box-Picks-with-3v0-3v2-3v3-Drills-Lacrosse-POWLAX,https://powlax.com/wp-content/uploads/2020/08/Building-Box-Picks-with-3v0-3v2-3v3-Drills-Lacrosse-POWLAX.webp,Coaches Corner,Coaches Corner
Building-Box-Up-Picks-with-4v0-4v3-4v4-Drills-Lacrosse-POWLAX,https://powlax.com/wp-content/uploads/2020/08/Building-Box-Up-Picks-with-4v0-4v3-4v4-Drills-Lacrosse-POWLAX.webp,Coaches Corner,Coaches Corner
Cheddar and Pepper Jack Man Up Plays,https://powlax.com/wp-content/uploads/2022/07/Cheddar-and-Pepper-Jack-Man-Up-Plays.webp,Coaches Corner,Coaches Corner
So-Your-Kid-Wants-to-Play-Lacrosse-Choosing-The-Right-Stick-POWLAX-1,https://powlax.com/wp-content/uploads/2020/08/So-Your-Kid-Wants-to-Play-Lacrosse-Choosing-The-Right-Stick-POWLAX-1.webp,Coaches Corner,Coaches Corner
Clear-Passing-Lacrosse-POWLAX,https://powlax.com/wp-content/uploads/2020/08/Clear-Passing-Lacrosse-POWLAX.webp,Coaches Corner,Coaches Corner
Conshu Set Play,https://powlax.com/wp-content/uploads/2022/05/Conshu-Set-Play.webp,Coaches Corner,Coaches Corner
Crease-Slide-Basics-Lacrosse-POWLAX,https://powlax.com/wp-content/uploads/2020/08/Crease-Slide-Basics-Lacrosse-POWLAX-scaled.webp,Coaches Corner,Coaches Corner
Cuse Motion Offense - Youtube - Final,https://powlax.com/wp-content/uploads/2020/08/Cuse-Motion-Offense-Youtube-Final.webp,Coaches Corner,Coaches Corner
Denvers-Endline-Play-Lacrosse-POWLAX,https://powlax.com/wp-content/uploads/2020/08/Denvers-Endline-Play-Lacrosse-POWLAX.webp,Coaches Corner,Coaches Corner
Duke-Drill-Lacrosse-POWLAX,https://powlax.com/wp-content/uploads/2020/08/Duke-Drill-Lacrosse-POWLAX-scaled.webp,Coaches Corner,Coaches Corner
Duke Fade and Follow Offense | LAcrosse | POWLAX,https://powlax.com/wp-content/uploads/2020/08/Duke-Fade-and-Follow-Offense-LAcrosse-POWLAX.webp,Coaches Corner,Coaches Corner
Duke Scrapping Drill | Lacrosse | POWLAX,https://powlax.com/wp-content/uploads/2020/08/Duke-Scrapping-Drill-Lacrosse-POWLAX.webp,Coaches Corner,Coaches Corner
Face Off Plays,https://powlax.com/wp-content/uploads/2020/08/Face-Off-Plays-scaled.webp,Coaches Corner,Coaches Corner
General-Drill,https://powlax.com/wp-content/uploads/2020/08/General-Drill.webp,Coaches Corner,Coaches Corner
Head-Man-Passing-Drill-Lacrosse-POWLAX,https://powlax.com/wp-content/uploads/2020/08/Head-Man-Passing-Drill-Lacrosse-POWLAX.webp,Coaches Corner,Coaches Corner
1-4-1 Offense vs Zone Defense,https://powlax.com/wp-content/uploads/2022/07/9C9B48F7-7A3C-40AB-9585-1A8DE6B1ED53.webp,Coaches Corner,Coaches Corner
F640F4E3-31F8-4C53-AD30-B5414A5A18FE,https://powlax.com/wp-content/uploads/2022/07/F640F4E3-31F8-4C53-AD30-B5414A5A18FE.webp,Coaches Corner,Coaches Corner
047DEB25-4BF8-4CBB-800E-4ED890B9D427,https://powlax.com/wp-content/uploads/2022/07/047DEB25-4BF8-4CBB-800E-4ED890B9D427.webp,Coaches Corner,Coaches Corner
AB71609A-551C-4B37-81FD-CCD857A7CD0C,https://powlax.com/wp-content/uploads/2022/07/AB71609A-551C-4B37-81FD-CCD857A7CD0C-e1658347823645.webp,Coaches Corner,Coaches Corner
DCF77F74-E0CD-478B-9C50-E3758D46ECCD,https://powlax.com/wp-content/uploads/2022/07/DCF77F74-E0CD-478B-9C50-E3758D46ECCD-e1658347774126.webp,Coaches Corner,Coaches Corner
FA22628A-34DD-4BCC-BA96-7B5CC52AB450,https://powlax.com/wp-content/uploads/2022/07/FA22628A-34DD-4BCC-BA96-7B5CC52AB450.webp,Coaches Corner,Coaches Corner
9B07A13B-9E30-48BD-90DE-CB2F5016F70B,https://powlax.com/wp-content/uploads/2022/07/9B07A13B-9E30-48BD-90DE-CB2F5016F70B-e1658347862263.webp,Coaches Corner,Coaches Corner
How to Beat Zone Defense Lacrosse Coaching Zone Offense POWLAX,https://powlax.com/wp-content/uploads/2022/02/How-to-Beat-Zone-Defense-Lacrosse-Coaching-Zone-Offense-POWLAX.webp,Coaches Corner,Coaches Corner
1B2E8BF7-9EB1-4914-898D-5ED42D248A96,https://powlax.com/wp-content/uploads/2022/07/1B2E8BF7-9EB1-4914-898D-5ED42D248A96.webp,Coaches Corner,Coaches Corner
4D8E331C-9ED8-4289-9F0F-46E896373CE4,https://powlax.com/wp-content/uploads/2022/07/4D8E331C-9ED8-4289-9F0F-46E896373CE4.webp,Coaches Corner,Coaches Corner
F640F4E3-31F8-4C53-AD30-B5414A5A18FE,https://powlax.com/wp-content/uploads/2022/07/F640F4E3-31F8-4C53-AD30-B5414A5A18FE.webp,Coaches Corner,Coaches Corner
2F55A719-1044-47FE-8813-91A56BFD28AA,https://powlax.com/wp-content/uploads/2022/07/2F55A719-1044-47FE-8813-91A56BFD28AA.webp,Coaches Corner,Coaches Corner
How to Throw Fakes in Lacrosse | POWLAX Backyard,https://powlax.com/wp-content/uploads/2020/11/How-to-Throw-Fakes-in-Lacrosse-POWLAX-Backyard.webp,Coaches Corner,Coaches Corner
How to Cradle in Lacrosse | POWLAX Backyard,https://powlax.com/wp-content/uploads/2020/11/How-to-Cradle-in-Lacrosse-POWLAX-Backyard.webp,Coaches Corner,Coaches Corner
How-To-Do-Hidden-Ball-Tricks-Lacrosse-POWLAX,https://powlax.com/wp-content/uploads/2020/08/How-To-Do-Hidden-Ball-Tricks-Lacrosse-POWLAX.webp,Coaches Corner,Coaches Corner
How to Throw Fakes in Lacrosse | POWLAX Backyard,https://powlax.com/wp-content/uploads/2020/11/How-to-Throw-Fakes-in-Lacrosse-POWLAX-Backyard.webp,Coaches Corner,Coaches Corner
How to Hold The Stick in Lacrosse | POWLAX Backyard,https://powlax.com/wp-content/uploads/2020/11/How-to-Hold-The-Stick-in-Lacrosse-POWLAX-Backyard.webp,Coaches Corner,Coaches Corner
How to Pass in Lacrosse | POWLAX Backyard,https://powlax.com/wp-content/uploads/2020/11/How-to-Pass-in-Lacrosse-POWLAX-Backyard.webp,Coaches Corner,Coaches Corner
How to Pick Up Ground Balls In Lacrosse _ POWLAX Backyard,https://powlax.com/wp-content/uploads/2020/12/How-to-Pick-Up-Ground-Balls-In-Lacrosse-_-POWLAX-Backyard.webp,Coaches Corner,Coaches Corner
How to Shoot in Lacrosse | POWLAX Backyard,https://powlax.com/wp-content/uploads/2020/11/How-to-Shoot-in-Lacrosse-POWLAX-Backyard.webp,Coaches Corner,Coaches Corner
How to Shoot In Tight In Lacrosse _ POWLAX Backyard,https://powlax.com/wp-content/uploads/2020/11/How-to-Shoot-In-Tight-In-Lacrosse-_-POWLAX-Backyard.webp,Coaches Corner,Coaches Corner
How to Shoot on the Run in Lacrosse | POWLAX Backyard,https://powlax.com/wp-content/uploads/2020/11/How-to-Shoot-on-the-Run-in-Lacrosse-POWLAX-Backyard.webp,Coaches Corner,Coaches Corner
How to Shoot with Time and Room in Lacrosse | POWLAX Backyard,https://powlax.com/wp-content/uploads/2020/11/How-to-Shoot-with-Time-and-Room-in-Lacrosse-POWLAX-Backyard.webp,Coaches Corner,Coaches Corner
How to Switch Hands in Lacrosse | POWLAX Backyard,https://powlax.com/wp-content/uploads/2020/11/How-to-Switch-Hands-in-Lacrosse-POWLAX-Backyard.webp,Coaches Corner,Coaches Corner
Using and Defending Box Picks | Lacrosse | POWLAX,https://powlax.com/wp-content/uploads/2020/08/Using-and-Defending-Box-Picks-Lacrosse-POWLAX-1.webp,Coaches Corner,Coaches Corner
L-Fast-Break-Lacrosse-POWLAX,https://powlax.com/wp-content/uploads/2020/08/L-Fast-Break-Lacrosse-POWLAX-scaled.webp,Coaches Corner,Coaches Corner
Line Bump Drill | Lacrosse | POWLAX,https://powlax.com/wp-content/uploads/2020/08/Line-Bump-Drill-Lacrosse-POWLAX-scaled.webp,Coaches Corner,Coaches Corner
Line-Drills-Lacrosse-POWLAX,https://powlax.com/wp-content/uploads/2020/08/Line-Drills-Lacrosse-POWLAX.webp,Coaches Corner,Coaches Corner
Mammoth-Shooting-Drill-POWLAX,https://powlax.com/wp-content/uploads/2020/08/Mammoth-Shooting-Drill-POWLAX.webp,Coaches Corner,Coaches Corner
4-Man-Rotation-Man-Down-Lacrosse-POWLAX,https://powlax.com/wp-content/uploads/2020/08/4-Man-Rotation-Man-Down-Lacrosse-POWLAX.webp,Coaches Corner,Coaches Corner
5-Man-Rotation-Man-Down-Lacrosse-POWLAX,https://powlax.com/wp-content/uploads/2020/08/5-Man-Rotation-Man-Down-Lacrosse-POWLAX.webp,Coaches Corner,Coaches Corner
Man-Down-Restart-Trick-Plays-POWLAX-Lacrosse-Youtube,https://powlax.com/wp-content/uploads/2020/08/Man-Down-Restart-Trick-Plays-POWLAX-Lacrosse-Youtube.webp,Coaches Corner,Coaches Corner
Near Man Defense - Lacrosse - POWLAX,https://powlax.com/wp-content/uploads/2020/08/Near-Man-Defense-Lacrosse-POWLAX-scaled.webp,Coaches Corner,Coaches Corner
ohio state Pairs,https://powlax.com/wp-content/uploads/2021/07/Screenshot-2025-04-11-at-11.34.05 PM.png,Coaches Corner,Coaches Corner
Ohio State Pairs Offense | Lacrosse | POWLAX,https://powlax.com/wp-content/uploads/2020/08/Ohio-State-Pairs-Offense-Lacrosse-POWLAX.webp,Coaches Corner,Coaches Corner
Partner-Passing-Drill-Lacrosse-POWLAX,https://powlax.com/wp-content/uploads/2020/08/Partner-Passing-Drill-Lacrosse-POWLAX.webp,Coaches Corner,Coaches Corner
14-Wing-Pairs-Offense-Penn-State-Lacrosse-POWLAX,https://powlax.com/wp-content/uploads/2025/06/14-Wing-Pairs-Offense-Penn-State-Lacrosse-POWLAX.webp,Coaches Corner,Coaches Corner
2019 Penn State Offense | Lacrosse | POWLAX 2,https://powlax.com/wp-content/uploads/2020/08/2019-Penn-State-Offense-Lacrosse-POWLAX-2.webp,Coaches Corner,Coaches Corner
3 High Pairs Offense | Penn State | Lacrosse | POWLAX,https://powlax.com/wp-content/uploads/2020/08/3-High-Pairs-Offense-Penn-State-Lacrosse-POWLAX.webp,Coaches Corner,Coaches Corner
Picks-Behind-Offense-Penn-State-Lacrosse-POWLAX,https://powlax.com/wp-content/uploads/2020/08/Picks-Behind-Offense-Penn-State-Lacrosse-POWLAX.webp,Coaches Corner,Coaches Corner
Power-1-Midfield-Play-Lacrosse-POWLAX,https://powlax.com/wp-content/uploads/2020/08/Power-1-Midfield-Play-Lacrosse-POWLAX.webp,Coaches Corner,Coaches Corner
Reading-Man-Down-Defense-in-a-3-3-Lacrosse-POWLAX,https://powlax.com/wp-content/uploads/2020/08/Reading-Man-Down-Defense-in-a-3-3-Lacrosse-POWLAX.webp,Coaches Corner,Coaches Corner
Dodge Follow Float | Lacrosse | POWLAX,https://powlax.com/wp-content/uploads/2020/08/Dodge-Follow-Float-Lacrosse-POWLAX-scaled.webp,Coaches Corner,Coaches Corner
RIT's Tiger Zone Thumbnail,https://powlax.com/wp-content/uploads/2022/07/RITs-Tiger-Zone-Thumbnail.webp,Coaches Corner,Coaches Corner
Rutgers-3-3-Flip-and-Swing-Man-Up-Plays-Lacrosse-POWLAX,https://powlax.com/wp-content/uploads/2020/08/Rutgers-3-3-Flip-and-Swing-Man-Up-Plays-Lacrosse-POWLAX.webp,Coaches Corner,Coaches Corner
Rutgers-Set-Play-Lacrosse-POWLAX,https://powlax.com/wp-content/uploads/2020/08/Rutgers-Set-Play-Lacrosse-POWLAX-scaled.webp,Coaches Corner,Coaches Corner
Saints-Passing-Drill-POWLAX,https://powlax.com/wp-content/uploads/2020/08/Saints-Passing-Drill-POWLAX.webp,Coaches Corner,Coaches Corner
Salisbury-Call-Drill-Lacrosse-POWLAX,https://powlax.com/wp-content/uploads/2020/08/Salisbury-Call-Drill-Lacrosse-POWLAX.webp,Coaches Corner,Coaches Corner
Salmon-Bellies-Slip-Shooting-Drill-Box-Lacrosse-POWLAX,https://powlax.com/wp-content/uploads/2020/08/Salmon-Bellies-Slip-Shooting-Drill-Box-Lacrosse-POWLAX.webp,Coaches Corner,Coaches Corner
Sideways-West-Genny-Lacrosse-Drill-POWLAX,https://powlax.com/wp-content/uploads/2020/08/Sideways-West-Genny-Lacrosse-Drill-POWLAX.webp,Coaches Corner,Coaches Corner
Spike-Stickwork-Passing-Drill-Lacrosse-POWLAX,https://powlax.com/wp-content/uploads/2020/08/Spike-Stickwork-Passing-Drill-Lacrosse-POWLAX.webp,Coaches Corner,Coaches Corner
Star-and-Swing-It-Passing-Lacrosse-POWLAX,https://powlax.com/wp-content/uploads/2020/08/Star-and-Swing-It-Passing-Lacrosse-POWLAX.webp,Coaches Corner,Coaches Corner
Star-Passing-Lacrosse-POWLAX,https://powlax.com/wp-content/uploads/2020/08/Star-Passing-Lacrosse-POWLAX.webp,Coaches Corner,Coaches Corner
Subbing through the Midline | POWLAX | Lacrosse,https://powlax.com/wp-content/uploads/2021/03/Subbing-through-the-Midline-POWLAX-Lacrosse.webp,Coaches Corner,Coaches Corner
Swing-It-Passing-Lacrosse-POWLAX,https://powlax.com/wp-content/uploads/2020/08/Swing-It-Passing-Lacrosse-POWLAX.webp,Coaches Corner,Coaches Corner
The Riding Playbook Thumbnail,https://powlax.com/wp-content/uploads/2023/11/The-Riding-Playbook-Thumbnail.webp,Coaches Corner,Coaches Corner
Throwback-Line-Drills-Lacrosse-POWLAX,https://powlax.com/wp-content/uploads/2020/08/Throwback-Line-Drills-Lacrosse-POWLAX-scaled.webp,Coaches Corner,Coaches Corner
Triangle-Show-Drill-Lacrosse-POWLAX,https://powlax.com/wp-content/uploads/2020/08/Triangle-Show-Drill-Lacrosse-POWLAX-scaled.webp,Coaches Corner,Coaches Corner
UNCs-3-Man-Slow-Break-Offense-Lacrosse-POWLAX,https://powlax.com/wp-content/uploads/2020/08/UNCs-3-Man-Slow-Break-Offense-Lacrosse-POWLAX.webp,Coaches Corner,Coaches Corner
Up-Pick-to-Down-Pick-Box-Offense-Lacrosse-POWLAX,https://powlax.com/wp-content/uploads/2020/08/Up-Pick-to-Down-Pick-Box-Offense-Lacrosse-POWLAX.webp,Coaches Corner,Coaches Corner
Using-and-Defending-Box-Picks-Lacrosse-POWLAX,https://powlax.com/wp-content/uploads/2020/08/Using-and-Defending-Box-Picks-Lacrosse-POWLAX.webp,Coaches Corner,Coaches Corner
Virginia's 2-2-2 From X (1),https://powlax.com/wp-content/uploads/2020/08/Virginias-2-2-2-From-X-1.webp,Coaches Corner,Coaches Corner
Virginia's 2-2-2 From X Players Cut,https://powlax.com/wp-content/uploads/2025/06/Virginias-2-2-2-From-X-Players-Cut.jpg,Coaches Corner,Coaches Corner
Virginia's Man Up Motions into a 3-3 | Lacrosse | POWLAX,https://powlax.com/wp-content/uploads/2020/08/Virginias-Man-Up-Motions-into-a-3-3-Lacrosse-POWLAX.webp,Coaches Corner,Coaches Corner
Weave and Mumbo Box Offense | Lacrosse | POWLAX,https://powlax.com/wp-content/uploads/2020/08/Weave-and-Mumbo-Box-Offense-Lacrosse-POWLAX.webp,Coaches Corner,Coaches Corner
Wesleyans-National-Championship-Zone-POWLAX-Lacrosse,https://powlax.com/wp-content/uploads/2020/08/Wesleyans-National-Championship-Zone-POWLAX-Lacrosse.webp,Coaches Corner,Coaches Corner
So Your Kid Wants to Play Lacrosse What is Lavcrosse,https://powlax.com/wp-content/uploads/2020/08/So-Your-Kid-Wants-to-Play-Lacrosse-What-is-Lavcrosse.webp,Coaches Corner,Coaches Corner
6455EDDD-31F9-4141-ADFC-C39E9C9175E3,https://powlax.com/wp-content/uploads/2022/07/6455EDDD-31F9-4141-ADFC-C39E9C9175E3.webp,Coaches Corner,Coaches Corner
Wristers-Box-Lacrosse-Finishing-Drill-POWLAX,https://powlax.com/wp-content/uploads/2020/08/Wristers-Box-Lacrosse-Finishing-Drill-POWLAX.webp,Coaches Corner,Coaches Corner
Jim-Berkmans-10-Recruiting-Tips-Lacrosse-POWLAX,https://powlax.com/wp-content/uploads/2020/08/Jim-Berkmans-10-Recruiting-Tips-Lacrosse-POWLAX.webp,Coaches Corner,Coaches Corner
4-3 Clear | Lacrosse | POWLAX,https://powlax.com/wp-content/uploads/2020/08/4-3-Clear-Lacrosse-POWLAX.webp,Coaches Corner,Coaches Corner
The basics of individual defense,https://powlax.com/wp-content/uploads/2022/11/The-basics-of-individual-defense.png,Coaches Corner,Coaches Corner
Building-Perfect-Playbook-Images-POWLAX,https://powlax.com/wp-content/uploads/2020/08/Building-Perfect-Playbook-Images-POWLAX.webp,Coaches Corner,Coaches Corner
Circle-Dodging-Drill-Lacrosse-POWLAX,https://powlax.com/wp-content/uploads/2020/08/Circle-Dodging-Drill-Lacrosse-POWLAX-scaled.webp,Coaches Corner,Coaches Corner
Clear Pass Terminology,https://powlax.com/wp-content/uploads/2025/06/Clear-Pass-Terminology.jpg,Coaches Corner,Coaches Corner
Coaches-vs-Refs-Lacrosse-POWLAX,https://powlax.com/wp-content/uploads/2020/08/Coaches-vs-Refs-Lacrosse-POWLAX.webp,Coaches Corner,Coaches Corner
Defending-Hang-Ups-Lacrosse-POWLAX,https://powlax.com/wp-content/uploads/2020/08/Defending-Hang-Ups-Lacrosse-POWLAX.webp,Coaches Corner,Coaches Corner
East West Dodging,https://powlax.com/wp-content/uploads/2022/11/East-West-Dodging.webp,Coaches Corner,Coaches Corner
Hands Free,https://powlax.com/wp-content/uploads/2022/11/Hands-Free.webp,Coaches Corner,Coaches Corner
I Passing Drill Thumbnail (1),https://powlax.com/wp-content/uploads/2024/01/I-Passing-Drill-Thumbnail-1.webp,Coaches Corner,Coaches Corner
Island 1v1's | Lacrosse | POWLAX,https://powlax.com/wp-content/uploads/2020/08/Island-1v1s-Lacrosse-POWLAX-scaled.webp,Coaches Corner,Coaches Corner
Lacrosse Goalie Play,https://powlax.com/wp-content/uploads/2023/02/Lacrosse-Goalie-Play.webp,Coaches Corner,Coaches Corner
Dodges for Attackmen,https://powlax.com/wp-content/uploads/2022/11/Dodges-for-Attackmen.webp,Coaches Corner,Coaches Corner
Dodges for Attackmen,https://powlax.com/wp-content/uploads/2022/11/Dodges-for-Attackmen.webp,Coaches Corner,Coaches Corner
dodges for Midfielders,https://powlax.com/wp-content/uploads/2022/11/dodges-for-Midfielders.webp,Coaches Corner,Coaches Corner
Wind Up Dodges,https://powlax.com/wp-content/uploads/2022/11/Wind-Up-Dodges.webp,Coaches Corner,Coaches Corner
North-South-Dodging-Footwork-Lacrosse-POWLAX,https://powlax.com/wp-content/uploads/2020/08/North-South-Dodging-Footwork-Lacrosse-POWLAX.webp,Coaches Corner,Coaches Corner
North-South-Dodging-Lacrosse-POWLAX,https://powlax.com/wp-content/uploads/2020/08/North-South-Dodging-Lacrosse-POWLAX.webp,Coaches Corner,Coaches Corner
North-South-Dodging-Lacrosse-POWLAX,https://powlax.com/wp-content/uploads/2020/08/North-South-Dodging-Lacrosse-POWLAX.webp,Coaches Corner,Coaches Corner
Question Mark - POWLAX Backyard,https://powlax.com/wp-content/uploads/2021/09/Question-Mark-POWLAX-Backyard.webp,Coaches Corner,Coaches Corner
Recruiting-Anxiety-Lacrosse-POWLAX,https://powlax.com/wp-content/uploads/2020/08/Recruiting-Anxiety-Lacrosse-POWLAX.webp,Coaches Corner,Coaches Corner
Running-The-Box-Lacrosse-POWLAX,https://powlax.com/wp-content/uploads/2020/08/Running-The-Box-Lacrosse-POWLAX-scaled.webp,Coaches Corner,Coaches Corner
Short 1v1's - Lacrosse - POWLAX,https://powlax.com/wp-content/uploads/2020/08/Short-1v1s-Lacrosse-POWLAX.webp,Coaches Corner,Coaches Corner
Skeleton-Shooting-Lacrosse-POWLAX,https://powlax.com/wp-content/uploads/2020/08/Skeleton-Shooting-Lacrosse-POWLAX-scaled.webp,Coaches Corner,Coaches Corner
Slow-Break-Offense-Lacrosse-POWLAX,https://powlax.com/wp-content/uploads/2020/08/Slow-Break-Offense-Lacrosse-POWLAX.webp,Coaches Corner,Coaches Corner
8E1E0224-5458-4213-A709-82ECE8F915E7,https://powlax.com/wp-content/uploads/2021/10/8E1E0224-5458-4213-A709-82ECE8F915E7.webp,Coaches Corner,Coaches Corner
Dodges for Defenseman,https://powlax.com/wp-content/uploads/2022/11/Dodges-for-Defenseman.webp,Coaches Corner,Coaches Corner
Touch-The-Hat-Approach-Drill-Lacrosse-POWLAX,https://powlax.com/wp-content/uploads/2020/08/Touch-The-Hat-Approach-Drill-Lacrosse-POWLAX-scaled.webp,Coaches Corner,Coaches Corner
Trailer-Fast-Break-Lacrosse-POWLAX-1,https://powlax.com/wp-content/uploads/2020/08/Trailer-Fast-Break-Lacrosse-POWLAX-1-scaled.webp,Coaches Corner,Coaches Corner
Triangle-Approach-Drill-Lacrosse-POWLAX,https://powlax.com/wp-content/uploads/2020/08/Triangle-Approach-Drill-Lacrosse-POWLAX.webp,Coaches Corner,Coaches Corner
West-Genny-Drill-Lacrosse-POWLAX,https://powlax.com/wp-content/uploads/2020/08/West-Genny-Drill-Lacrosse-POWLAX-scaled.webp,Coaches Corner,Coaches Corner
Wind-Up-1v1s-Lacrosse-POWLAX,https://powlax.com/wp-content/uploads/2020/08/Wind-Up-1v1s-Lacrosse-POWLAX-scaled.webp,Coaches Corner,Coaches Corner
Skills with Womens Sticks,https://powlax.com/wp-content/uploads/2022/12/Skills-with-Womens-Sticks.webp,Coaches Corner,Coaches Corner
Womens Lacrosse All Skills Transfer,https://powlax.com/wp-content/uploads/2022/11/Womens-Lacrosse-All-Skills-Transfer.webp,Coaches Corner,Coaches Corner
Y-Drill-Lacrosse-POWLAX,https://powlax.com/wp-content/uploads/2020/08/Y-Drill-Lacrosse-POWLAX-scaled.webp,Coaches Corner,Coaches Corner
Greasey Balls,https://powlax.com/wp-content/uploads/2025/06/maxresdefault.jpg,Coaches Corner,Coaches Corner
Butt to Butt GB's,https://powlax.com/wp-content/uploads/2025/06/Butt-to-Butt-GBs.webp,Coaches Corner,Coaches Corner
Favorite Drills for Gym Practice,https://powlax.com/wp-content/uploads/2025/06/Favorite-Drills-for-Gym-Practice.jpg,Coaches Corner,Coaches Corner
5 Keys to Picking and Building Lacrosse Drills,https://powlax.com/wp-content/uploads/2025/06/5-Keys-to-Picking-and-Building-Lacrosse-Drills.png,Coaches Corner,Coaches Corner
Technical Fouls of Lacrosse,https://powlax.com/wp-content/uploads/2025/06/Technical-Fouls-of-Lacrosse.png,Coaches Corner,Coaches Corner
Your Club Playbook,https://powlax.com/wp-content/uploads/2025/07/Your-Club-Playbook.png,Team Playbook,Custom Coaches Playbooks|Team Course|Team Playbooks
Your Varsity Playbook,https://powlax.com/wp-content/uploads/2025/07/Your-Varsity-Playbook.png,Team Playbook,Custom Coaches Playbooks|Team Course|Team Playbooks
Your JV Playbook|Your Club Playbook|Your Varsity Playbook,https://powlax.com/wp-content/uploads/2025/07/Your-JV-Playbook.png,Team Playbook,Custom Coaches Playbooks|Team Course|Team Playbooks
Your 8th Grade Playbook,https://powlax.com/wp-content/uploads/2025/07/Your-8th-Grade-Playbook.png,Team Playbook,Custom Coaches Playbooks|Team Course|Team Playbooks
