Title,Vimeo URL from the Python,Own It Ages,Coach It Ages,See & Do It Ages,Featured,Master Class Categories,Master Class Tags,Match Type,Match Similarity,Matched Title
14 Carry Step off Man Up,https://player.vimeo.com/video/1078533930,13-14,13-14,09-14,https://powlax.com/wp-content/uploads/2020/08/14-Carry-Step-Off-Man-Up-Lacrosse-POWLAX.webp,Coaches Corner,Coaches Corner,Fuzzy,0.71,14 Carry Step Off Man Up - Lacrosse - POWLAX
1-4-1 Double Mumbo to Weave Set Play,https://player.vimeo.com/video/1092018820,13-14,09-14,09-10,https://powlax.com/wp-content/uploads/2024/02/Screenshot-2025-04-11-at-11.30.06 PM.png,,Strategy Master Classes,Exact,1.00,1-4-1 Double Mumbo to Weave Set Play
1-4-1 Double Mumbo to Weave Set Play,https://player.vimeo.com/video/1081201074,,,,https://powlax.com/wp-content/uploads/2024/02/Screenshot-2025-04-11-at-11.30.06 PM.png,,Strategy Master Classes,Exact,1.00,1-4-1 Double Mumbo to Weave Set Play
'+ 1 Ground Ball Drill LAcrosse POWLAX Thumbnail,https://player.vimeo.com/video/1092018863,13-14,09-14,06-08,,,,No Match,0.00,
10 Man Ride | Lacrosse | POWLAX,https://player.vimeo.com/video/1092018578,13-14,13-14,09-14,https://powlax.com/wp-content/uploads/2020/08/2-Man-Games-Lacrosse-POWLAX-1.webp,Coaches Corner,Coaches Corner,Fuzzy,0.84,2 Man Games | Lacrosse | POWLAX
Ground Balls to a Give and Go Thumbnail (1),https://player.vimeo.com/video/1092018543,11-12,09-12,06-08,https://powlax.com/wp-content/uploads/2024/01/Ground-Balls-to-a-Give-and-Go-Thumbnail-1.webp,Coaches Corner,Coaches Corner,Exact,1.00,Ground Balls to a Give and Go Thumbnail (1)
2-3-2 Clear | POWLAX | Lacrosse,https://player.vimeo.com/video/1092017597,13-14,11-14,09-14,https://powlax.com/wp-content/uploads/2020/08/2-3-2-Clear-POWLAX-Lacrosse-1-1.webp,Transition O &amp; D,Individual Course|Strategy Master Classes|Transition Master Class,Exact,1.00,2-3-2 Clear | POWLAX | Lacrosse
2 Ball Reaction Drill Lacrosse POWLAX,https://player.vimeo.com/video/1092018517,11-12,09-12,06-08,https://powlax.com/wp-content/uploads/2024/04/2-Ball-Reaction-Drill-Lacrosse-POWLAX.png,Coaches Corner,Coaches Corner,Exact,1.00,2 Ball Reaction Drill Lacrosse POWLAX
Full Field Build Up Drill _ Lacrosse _ POWLAX,https://player.vimeo.com/video/1092026269,13-14,06-14,06-10,https://powlax.com/wp-content/uploads/2024/03/Full-Field-Build-Up-Drill-_-Lacrosse-_-POWLAX.png,Coaches Corner,Coaches Corner,Exact,1.00,Full Field Build Up Drill _ Lacrosse _ POWLAX
2-Man-Games-Ball-Carrier-Options,https://player.vimeo.com/video/1081201083,13-14,09-14,06-08,https://powlax.com/wp-content/uploads/2020/08/2-Man-Games-Ball-Carrier-Options.webp,Coaches Corner,Coaches Corner,Exact,1.00,2-Man-Games-Ball-Carrier-Options
2-Man-Games-Off-Ball-Options-Lacrosse-POWLAX,https://player.vimeo.com/video/1081201079,13-14,09-14,09-12,https://powlax.com/wp-content/uploads/2020/08/2-Man-Games-Off-Ball-Options-Lacrosse-POWLAX.webp,Coaches Corner,Coaches Corner,Exact,1.00,2-Man-Games-Off-Ball-Options-Lacrosse-POWLAX
Defending 2 Man Games | Lacrosse POWLAX,https://player.vimeo.com/video/1081201570,13-14,09-14,06-08,https://powlax.com/wp-content/uploads/2020/08/Defending-2-Man-Games-Lacrosse-POWLAX.webp,Coaches Corner,Coaches Corner,Exact,1.00,Defending 2 Man Games | Lacrosse POWLAX
Doubling-Picks-Lacrosse-POWLAX,https://player.vimeo.com/video/1092026547,13-14,11-14,09-10,https://powlax.com/wp-content/uploads/2020/08/Doubling-Picks-Lacrosse-POWLAX.webp,Coaches Corner,Coaches Corner,Exact,1.00,Doubling-Picks-Lacrosse-POWLAX
2 Man Games | Lacrosse | POWLAX,https://player.vimeo.com/video/1092017934,13-14,11-14,09-14,https://powlax.com/wp-content/uploads/2020/08/2-Man-Games-Lacrosse-POWLAX-1.webp,Coaches Corner,Coaches Corner,Exact,1.00,2 Man Games | Lacrosse | POWLAX
Pick-Locations-Lacrosse-POWLAX,https://player.vimeo.com/video/1092017852,13-14,09-14,06-08,https://powlax.com/wp-content/uploads/2020/08/Pick-Locations-Lacrosse-POWLAX.webp,Coaches Corner,Coaches Corner,Exact,1.00,Pick-Locations-Lacrosse-POWLAX
The-Perfect-Pick-Lacrosse-POWLAX,https://player.vimeo.com/video/1092017785,13-14,09-14,06-08,https://powlax.com/wp-content/uploads/2020/08/The-Perfect-Pick-Lacrosse-POWLAX.webp,Coaches Corner,Coaches Corner,Exact,1.00,The-Perfect-Pick-Lacrosse-POWLAX
Types-of-2-Man-Games-Lacrosse-POWLAX,https://player.vimeo.com/video/1092030740,11-12,06-12,06-10,https://powlax.com/wp-content/uploads/2020/08/Types-of-2-Man-Games-Lacrosse-POWLAX.webp,Coaches Corner,Coaches Corner,Exact,1.00,Types-of-2-Man-Games-Lacrosse-POWLAX
Certify YourselfTeam with POWLAX Courses,https://player.vimeo.com/video/193424879,13-14,09-14,09-14,,,,No Match,0.00,
Dodge-Clear-Through-Follow,https://player.vimeo.com/video/180938386,11-12,09-12,06-10,https://powlax.com/wp-content/uploads/2020/08/Dodge-Clear-Through-Follow-scaled.webp,Coaches Corner,Coaches Corner,Exact,1.00,Dodge-Clear-Through-Follow
Duke-Motion-Lacrosse-POWLAX,https://player.vimeo.com/video/1078534079,13-14,09-14,06-08,https://powlax.com/wp-content/uploads/2020/08/Duke-Motion-Lacrosse-POWLAX.webp,Coaches Corner,Coaches Corner,Exact,1.00,Duke-Motion-Lacrosse-POWLAX
22-Quick-Man-Up-Play-Lacrosse-POWLAX-1,https://player.vimeo.com/video/1078452455,13-14,11-14,09-10,https://powlax.com/wp-content/uploads/2020/08/22-Quick-Man-Up-Play-Lacrosse-POWLAX-1.webp,Coaches Corner,Coaches Corner,Exact,1.00,22-Quick-Man-Up-Play-Lacrosse-POWLAX-1
3-3 4 Man Wheel Man Up Offense | Lacrosse | POWLAX,https://player.vimeo.com/video/1078452023,,,,https://powlax.com/wp-content/uploads/2020/08/3-3-4-Man-Wheel-Man-Up-Offense-Lacrosse-POWLAX.webp,Coaches Corner,Coaches Corner,Exact,1.00,3-3 4 Man Wheel Man Up Offense | Lacrosse | POWLAX
Hopkins-4-Man-Wheel-and-Seal-Man-Up-Play-Lacrosse-POWLAX,https://player.vimeo.com/video/1081206927,,,,https://powlax.com/wp-content/uploads/2020/08/Hopkins-4-Man-Wheel-and-Seal-Man-Up-Play-Lacrosse-POWLAX.webp,Coaches Corner,Coaches Corner,Exact,1.00,Hopkins-4-Man-Wheel-and-Seal-Man-Up-Play-Lacrosse-POWLAX
3-3 Man Up - Lacrosse - POWLAX,https://player.vimeo.com/video/1078452051,13-14,09-14,09-10,https://powlax.com/wp-content/uploads/2020/08/3-3-Man-Up-Lacrosse-POWLAX.webp,Coaches Corner,Coaches Corner,Exact,1.00,3-3 Man Up - Lacrosse - POWLAX
Twist Man Up Play - Lacrosse - POWLAX,https://player.vimeo.com/video/1078459810,13-14,13-14,09-14,https://powlax.com/wp-content/uploads/2020/08/Twist-Man-Up-Play-Lacrosse-POWLAX.webp,Coaches Corner,Coaches Corner,Exact,1.00,Twist Man Up Play - Lacrosse - POWLAX
3v2s-to-4v3s-Youtube-Final-2,https://player.vimeo.com/video/1078452085,11-12,09-12,06-10,https://powlax.com/wp-content/uploads/2020/08/3v2s-to-4v3s-Youtube-Final-2.webp,Coaches Corner,Coaches Corner,Exact,1.00,3v2s-to-4v3s-Youtube-Final-2
4-3 Alpha Clear | Lacrosse | POWLAX,https://player.vimeo.com/video/1078452091,13-14,11-14,09-14,https://powlax.com/wp-content/uploads/2020/08/4-3-Alpha-Clear-Lacrosse-POWLAX-scaled.webp,Coaches Corner,Coaches Corner,Exact,1.00,4-3 Alpha Clear | Lacrosse | POWLAX
Seawolves Drill,https://player.vimeo.com/video/1081204916,13-14,09-14,06-10,https://powlax.com/wp-content/uploads/2022/08/Seawolves-Drill.webp,Coaches Corner,Coaches Corner,Exact,1.00,Seawolves Drill
5-On-a-Die-Drill-Lacrosse-POWLAX,https://player.vimeo.com/video/1078459413,13-14,09-14,06-08,https://powlax.com/wp-content/uploads/2020/08/5-On-a-Die-Drill-Lacrosse-POWLAX-scaled.webp,Coaches Corner,Coaches Corner,Exact,1.00,5-On-a-Die-Drill-Lacrosse-POWLAX
5v4 Continuous Keep Away | Lacrosse | POWLAX,https://player.vimeo.com/video/1081201100,11-12,09-12,06-08,https://powlax.com/wp-content/uploads/2022/02/5v4-Continuous-Keep-Away-Lacrosse-POWLAX.webp,Coaches Corner,Coaches Corner,Exact,1.00,5v4 Continuous Keep Away | Lacrosse | POWLAX
7v7-Up-Pick-Nations-Youtube-Final-2,https://player.vimeo.com/video/1078452247,13-14,11-14,09-10,https://powlax.com/wp-content/uploads/2020/08/7v7-Up-Pick-Nations-Youtube-Final-2.webp,Coaches Corner,Coaches Corner,Exact,1.00,7v7-Up-Pick-Nations-Youtube-Final-2
7v7-Text-Youtube-Final,https://player.vimeo.com/video/1078452274,13-14,09-14,09-10,https://powlax.com/wp-content/uploads/2020/08/7v7-Text-Youtube-Final.webp,Coaches Corner,Coaches Corner,Exact,1.00,7v7-Text-Youtube-Final
Man Down Restart Trick Plays (Short) | Lacrosse | POWLAX,https://player.vimeo.com/video/1081201076,15-18,13-14,13-14,https://powlax.com/wp-content/uploads/2020/12/Man-Down-Restart-Trick-Plays-Short-Lacrosse-POWLAX.webp,Coaches Corner,Coaches Corner,Exact,1.00,Man Down Restart Trick Plays (Short) | Lacrosse | POWLAX
4 Man Rotation | Man Down Defense | Lacrosse | POWLAX,https://player.vimeo.com/video/1078452124,13-14,11-14,09-14,https://powlax.com/wp-content/uploads/2020/12/4-Man-Rotation-Man-Down-Defense-Lacrosse-POWLAX.webp,Coaches Corner,Coaches Corner,Exact,1.00,4 Man Rotation | Man Down Defense | Lacrosse | POWLAX
5 Man Rotation | Man Down Defense | Lacrosse | POWLAX,https://player.vimeo.com/video/1078533442,13-14,13-14,09-14,https://powlax.com/wp-content/uploads/2020/12/5-Man-Rotation-Man-Down-Defense-Lacrosse-POWLAX.webp,Coaches Corner,Coaches Corner,Exact,1.00,5 Man Rotation | Man Down Defense | Lacrosse | POWLAX
A Complete Guide to Man Down Defense (1),https://player.vimeo.com/video/1078452471,13-14,13-14,09-14,https://powlax.com/wp-content/uploads/2020/09/A-Complete-Guide-to-Man-Down-Defense-1.webp,Coaches Corner,Coaches Corner,Exact,1.00,A Complete Guide to Man Down Defense (1)
Box and 1 | Man Down Defense | Lacrosse | POWLAX,https://player.vimeo.com/video/1078452661,13-14,11-14,09-10,https://powlax.com/wp-content/uploads/2020/12/Box-and-1-Man-Down-Defense-Lacrosse-POWLAX.webp,Coaches Corner,Coaches Corner,Exact,1.00,Box and 1 | Man Down Defense | Lacrosse | POWLAX
Box and Surprise Lock | Man Down Defense | Lacrosse | POWLAX,https://player.vimeo.com/video/1078452670,13-14,09-14,09-10,https://powlax.com/wp-content/uploads/2020/12/Box-and-Surprise-Lock-Man-Down-Defense-Lacrosse-POWLAX.webp,Coaches Corner,Coaches Corner,Exact,1.00,Box and Surprise Lock | Man Down Defense | Lacrosse | POWLAX
Duke's Hybrid Man Down Defense | Lacrosse POWLAX,https://player.vimeo.com/video/1092026429,15-18,13-14,13-14,https://powlax.com/wp-content/uploads/2020/12/Dukes-Hybrid-Man-Down-Defense-Lacrosse-POWLAX.webp,Coaches Corner,Coaches Corner,Exact,1.00,Duke's Hybrid Man Down Defense | Lacrosse POWLAX
House Man Down Defense | Lacrosse | POWLAX,https://player.vimeo.com/video/1081205659,13-14,11-14,09-10,https://powlax.com/wp-content/uploads/2020/12/House-Man-Down-Defense-Lacrosse-POWLAX.webp,Coaches Corner,Coaches Corner,Exact,1.00,House Man Down Defense | Lacrosse | POWLAX
Jumping The Ball | Man Down Defense | Lacrosse | POWLAX,https://player.vimeo.com/video/1081206593,15-18,13-14,13-14,https://powlax.com/wp-content/uploads/2020/12/Jumping-The-Ball-Man-Down-Defense-Lacrosse-POWLAX.webp,Coaches Corner,Coaches Corner,Exact,1.00,Jumping The Ball | Man Down Defense | Lacrosse | POWLAX
Man Down Clear | Lacrosse | POWLAX,https://player.vimeo.com/video/1092025226,13-14,09-14,09-10,https://powlax.com/wp-content/uploads/2020/12/Man-Down-Clear-Lacrosse-POWLAX.webp,Coaches Corner,Coaches Corner,Exact,1.00,Man Down Clear | Lacrosse | POWLAX
Man Down Face Off | Lacrosse | POWLAX,https://player.vimeo.com/video/1092025187,13-14,09-14,09-10,https://powlax.com/wp-content/uploads/2020/12/Man-Down-Face-Off-Lacrosse-POWLAX.webp,Coaches Corner,Coaches Corner,Exact,1.00,Man Down Face Off | Lacrosse | POWLAX
Trick Clear | Man Down Defense | Lacrosse | POWLAX,https://player.vimeo.com/video/1081206305,13-14,09-14,09-10,https://powlax.com/wp-content/uploads/2020/12/Trick-Clear-Man-Down-Defense-Lacrosse-POWLAX.webp,Coaches Corner,Coaches Corner,Exact,1.00,Trick Clear | Man Down Defense | Lacrosse | POWLAX
Pushin P Thumbnail,https://player.vimeo.com/video/1081205038,13-14,09-14,09-10,https://powlax.com/wp-content/uploads/2022/07/Pushin-P-Thumbnail.webp,Coaches Corner,Coaches Corner,Exact,1.00,Pushin P Thumbnail
Adjacent-Slide-Basics-Lacrosse-POWLAX,https://player.vimeo.com/video/1078452523,13-14,11-14,09-10,https://powlax.com/wp-content/uploads/2020/08/Adjacent-Slide-Basics-Lacrosse-POWLAX-scaled.webp,Coaches Corner,Coaches Corner,Exact,1.00,Adjacent-Slide-Basics-Lacrosse-POWLAX
Making-Line-Drills-More-Effective-Lacrosse-POWLAX,https://player.vimeo.com/video/1078533414,09-10,09-10,06-08,https://powlax.com/wp-content/uploads/2020/08/Making-Line-Drills-More-Effective-Lacrosse-POWLAX.webp,Coaches Corner,Coaches Corner,Exact,1.00,Making-Line-Drills-More-Effective-Lacrosse-POWLAX
Bling Bling Shooting _ Lacrosse _ POWLAX,https://player.vimeo.com/video/1078452651,13-14,06-14,06-08,https://powlax.com/wp-content/uploads/2024/03/Bling-Bling-Shooting-_-Lacrosse-_-POWLAX.png,Coaches Corner,Coaches Corner,Exact,1.00,Bling Bling Shooting _ Lacrosse _ POWLAX
Box-Lacrosse-Transition-and-Subbing-Lacrosse-POWLAX,https://player.vimeo.com/video/1081201502,13-14,11-14,09-10,https://powlax.com/wp-content/uploads/2020/08/Box-Lacrosse-Transition-and-Subbing-Lacrosse-POWLAX.webp,Coaches Corner,Coaches Corner,Exact,1.00,Box-Lacrosse-Transition-and-Subbing-Lacrosse-POWLAX
Box-Man-Up-Plays-Double-Pick-Lacrosse-POWLAX,https://player.vimeo.com/video/1078452696,13-14,11-14,09-10,https://powlax.com/wp-content/uploads/2020/08/Box-Man-Up-Plays-Double-Pick-Lacrosse-POWLAX.webp,Coaches Corner,Coaches Corner,Exact,1.00,Box-Man-Up-Plays-Double-Pick-Lacrosse-POWLAX
Building Box Picks with 4v0 4v3 4v4 Drills | Lacrosse | POWLAX,https://player.vimeo.com/video/1078452731,11-12,09-12,06-10,https://powlax.com/wp-content/uploads/2020/08/Building-Box-Picks-with-4v0-4v3-4v4-Drills-Lacrosse-POWLAX.webp,Coaches Corner,Coaches Corner,Exact,1.00,Building Box Picks with 4v0 4v3 4v4 Drills | Lacrosse | POWLAX
3v0s-3v2s-and-3v3s-Lacrosse-POWLAX,https://player.vimeo.com/video/1078533675,11-12,09-12,06-10,https://powlax.com/wp-content/uploads/2020/08/3v0s-3v2s-and-3v3s-Lacrosse-POWLAX.webp,Coaches Corner,Coaches Corner,Exact,1.00,3v0s-3v2s-and-3v3s-Lacrosse-POWLAX
Building-Box-Picks-with-3v0-3v2-3v3-Drills-Lacrosse-POWLAX,https://player.vimeo.com/video/1078452745,13-14,09-14,06-10,https://powlax.com/wp-content/uploads/2020/08/Building-Box-Picks-with-3v0-3v2-3v3-Drills-Lacrosse-POWLAX.webp,Coaches Corner,Coaches Corner,Exact,1.00,Building-Box-Picks-with-3v0-3v2-3v3-Drills-Lacrosse-POWLAX
Building-Box-Up-Picks-with-4v0-4v3-4v4-Drills-Lacrosse-POWLAX,https://player.vimeo.com/video/1081201525,13-14,11-14,09-10,https://powlax.com/wp-content/uploads/2020/08/Building-Box-Up-Picks-with-4v0-4v3-4v4-Drills-Lacrosse-POWLAX.webp,Coaches Corner,Coaches Corner,Exact,1.00,Building-Box-Up-Picks-with-4v0-4v3-4v4-Drills-Lacrosse-POWLAX
Cheddar and Pepper Jack Man Up Plays,https://player.vimeo.com/video/1092027087,13-14,11-14,09-14,https://powlax.com/wp-content/uploads/2022/07/Cheddar-and-Pepper-Jack-Man-Up-Plays.webp,Coaches Corner,Coaches Corner,Exact,1.00,Cheddar and Pepper Jack Man Up Plays
So-Your-Kid-Wants-to-Play-Lacrosse-Choosing-The-Right-Stick-POWLAX-1,https://player.vimeo.com/video/1092026815,,,,https://powlax.com/wp-content/uploads/2020/08/So-Your-Kid-Wants-to-Play-Lacrosse-Choosing-The-Right-Stick-POWLAX-1.webp,Coaches Corner,Coaches Corner,Exact,1.00,So-Your-Kid-Wants-to-Play-Lacrosse-Choosing-The-Right-Stick-POWLAX-1
Clear-Passing-Lacrosse-POWLAX,https://player.vimeo.com/video/1078459533,13-14,09-14,09-10,https://powlax.com/wp-content/uploads/2020/08/Clear-Passing-Lacrosse-POWLAX.webp,Coaches Corner,Coaches Corner,Exact,1.00,Clear-Passing-Lacrosse-POWLAX
Conshu Set Play,https://player.vimeo.com/video/1092026784,13-14,09-14,09-10,https://powlax.com/wp-content/uploads/2022/05/Conshu-Set-Play.webp,Coaches Corner,Coaches Corner,Exact,1.00,Conshu Set Play
Crease-Slide-Basics-Lacrosse-POWLAX,https://player.vimeo.com/video/1078459555,13-14,11-14,09-10,https://powlax.com/wp-content/uploads/2020/08/Crease-Slide-Basics-Lacrosse-POWLAX-scaled.webp,Coaches Corner,Coaches Corner,Exact,1.00,Crease-Slide-Basics-Lacrosse-POWLAX
Cuse Motion Offense - Youtube - Final,https://player.vimeo.com/video/1081201563,13-14,11-14,09-10,https://powlax.com/wp-content/uploads/2020/08/Cuse-Motion-Offense-Youtube-Final.webp,Coaches Corner,Coaches Corner,Exact,1.00,Cuse Motion Offense - Youtube - Final
Denvers-Endline-Play-Lacrosse-POWLAX,https://player.vimeo.com/video/1078459673,13-14,09-14,09-10,https://powlax.com/wp-content/uploads/2020/08/Denvers-Endline-Play-Lacrosse-POWLAX.webp,Coaches Corner,Coaches Corner,Exact,1.00,Denvers-Endline-Play-Lacrosse-POWLAX
Duke-Drill-Lacrosse-POWLAX,https://player.vimeo.com/video/1078459580,11-12,09-12,06-08,https://powlax.com/wp-content/uploads/2020/08/Duke-Drill-Lacrosse-POWLAX-scaled.webp,Coaches Corner,Coaches Corner,Exact,1.00,Duke-Drill-Lacrosse-POWLAX
POWLAX PDF PNG,https://player.vimeo.com/video/1078459351,13-14,09-14,06-08,,,,No Match,0.00,
Duke Scrapping Drill | Lacrosse | POWLAX,https://player.vimeo.com/video/1078459006,13-14,09-14,06-08,https://powlax.com/wp-content/uploads/2020/08/Duke-Scrapping-Drill-Lacrosse-POWLAX.webp,Coaches Corner,Coaches Corner,Exact,1.00,Duke Scrapping Drill | Lacrosse | POWLAX
Face Off Plays,https://player.vimeo.com/video/1078459479,15-18,11-14,06-10,https://powlax.com/wp-content/uploads/2020/08/Face-Off-Plays-scaled.webp,Coaches Corner,Coaches Corner,Exact,1.00,Face Off Plays
General-Drill,https://player.vimeo.com/video/1081206744,09-10,09-12,06-08,https://powlax.com/wp-content/uploads/2020/08/General-Drill.webp,Coaches Corner,Coaches Corner,Exact,1.00,General-Drill
Head-Man-Passing-Drill-Lacrosse-POWLAX,https://player.vimeo.com/video/1078534096,09-10,09-10,06-08,https://powlax.com/wp-content/uploads/2020/08/Head-Man-Passing-Drill-Lacrosse-POWLAX.webp,Coaches Corner,Coaches Corner,Exact,1.00,Head-Man-Passing-Drill-Lacrosse-POWLAX
1-4-1 Offense vs Zone Defense,https://player.vimeo.com/video/1092018776,13-14,11-14,09-10,https://powlax.com/wp-content/uploads/2022/07/9C9B48F7-7A3C-40AB-9585-1A8DE6B1ED53.webp,Coaches Corner,Coaches Corner,Exact,1.00,1-4-1 Offense vs Zone Defense
F640F4E3-31F8-4C53-AD30-B5414A5A18FE,https://player.vimeo.com/video/1092017572,13-14,13-14,09-14,https://powlax.com/wp-content/uploads/2022/07/F640F4E3-31F8-4C53-AD30-B5414A5A18FE.webp,Coaches Corner,Coaches Corner,Exact,1.00,F640F4E3-31F8-4C53-AD30-B5414A5A18FE
047DEB25-4BF8-4CBB-800E-4ED890B9D427,https://player.vimeo.com/video/1081201496,13-14,11-14,09-10,https://powlax.com/wp-content/uploads/2022/07/047DEB25-4BF8-4CBB-800E-4ED890B9D427.webp,Coaches Corner,Coaches Corner,Exact,1.00,047DEB25-4BF8-4CBB-800E-4ED890B9D427
AB71609A-551C-4B37-81FD-CCD857A7CD0C,https://player.vimeo.com/video/1092027232,13-14,11-14,09-10,https://powlax.com/wp-content/uploads/2022/07/AB71609A-551C-4B37-81FD-CCD857A7CD0C-e1658347823645.webp,Coaches Corner,Coaches Corner,Exact,1.00,AB71609A-551C-4B37-81FD-CCD857A7CD0C
DCF77F74-E0CD-478B-9C50-E3758D46ECCD,https://player.vimeo.com/video/1081201565,13-14,11-14,09-10,https://powlax.com/wp-content/uploads/2022/07/DCF77F74-E0CD-478B-9C50-E3758D46ECCD-e1658347774126.webp,Coaches Corner,Coaches Corner,Exact,1.00,DCF77F74-E0CD-478B-9C50-E3758D46ECCD
FA22628A-34DD-4BCC-BA96-7B5CC52AB450,https://player.vimeo.com/video/1092026513,13-14,11-14,09-10,https://powlax.com/wp-content/uploads/2022/07/FA22628A-34DD-4BCC-BA96-7B5CC52AB450.webp,Coaches Corner,Coaches Corner,Exact,1.00,FA22628A-34DD-4BCC-BA96-7B5CC52AB450
9B07A13B-9E30-48BD-90DE-CB2F5016F70B,https://player.vimeo.com/video/1081206830,13-14,11-14,09-10,https://powlax.com/wp-content/uploads/2022/07/9B07A13B-9E30-48BD-90DE-CB2F5016F70B-e1658347862263.webp,Coaches Corner,Coaches Corner,Exact,1.00,9B07A13B-9E30-48BD-90DE-CB2F5016F70B
How to Beat Zone Defense Lacrosse Coaching Zone Offense POWLAX,https://player.vimeo.com/video/1081206964,13-14,11-14,09-14,https://powlax.com/wp-content/uploads/2022/02/How-to-Beat-Zone-Defense-Lacrosse-Coaching-Zone-Offense-POWLAX.webp,Coaches Corner,Coaches Corner,Exact,1.00,How to Beat Zone Defense Lacrosse Coaching Zone Offense POWLAX
1B2E8BF7-9EB1-4914-898D-5ED42D248A96,https://player.vimeo.com/video/1092024900,13-14,11-14,09-10,https://powlax.com/wp-content/uploads/2022/07/1B2E8BF7-9EB1-4914-898D-5ED42D248A96.webp,Coaches Corner,Coaches Corner,Exact,1.00,1B2E8BF7-9EB1-4914-898D-5ED42D248A96
4D8E331C-9ED8-4289-9F0F-46E896373CE4,https://player.vimeo.com/video/1081204313,13-14,11-14,09-10,https://powlax.com/wp-content/uploads/2022/07/4D8E331C-9ED8-4289-9F0F-46E896373CE4.webp,Coaches Corner,Coaches Corner,Exact,1.00,4D8E331C-9ED8-4289-9F0F-46E896373CE4
F640F4E3-31F8-4C53-AD30-B5414A5A18FE,https://player.vimeo.com/video/1081204779,13-14,11-14,09-10,https://powlax.com/wp-content/uploads/2022/07/F640F4E3-31F8-4C53-AD30-B5414A5A18FE.webp,Coaches Corner,Coaches Corner,Exact,1.00,F640F4E3-31F8-4C53-AD30-B5414A5A18FE
2F55A719-1044-47FE-8813-91A56BFD28AA,https://player.vimeo.com/video/1081205119,13-14,11-14,09-10,https://powlax.com/wp-content/uploads/2022/07/2F55A719-1044-47FE-8813-91A56BFD28AA.webp,Coaches Corner,Coaches Corner,Exact,1.00,2F55A719-1044-47FE-8813-91A56BFD28AA
How to Throw Fakes in Lacrosse | POWLAX Backyard,https://player.vimeo.com/video/1092026107,,,,https://powlax.com/wp-content/uploads/2020/11/How-to-Throw-Fakes-in-Lacrosse-POWLAX-Backyard.webp,Coaches Corner,Coaches Corner,Exact,1.00,How to Throw Fakes in Lacrosse | POWLAX Backyard
How to Cradle in Lacrosse | POWLAX Backyard,https://player.vimeo.com/video/1092025955,09-10,06-08,06-08,https://powlax.com/wp-content/uploads/2020/11/How-to-Cradle-in-Lacrosse-POWLAX-Backyard.webp,Coaches Corner,Coaches Corner,Exact,1.00,How to Cradle in Lacrosse | POWLAX Backyard
How-To-Do-Hidden-Ball-Tricks-Lacrosse-POWLAX,https://player.vimeo.com/video/1078534113,13-14,09-14,06-10,https://powlax.com/wp-content/uploads/2020/08/How-To-Do-Hidden-Ball-Tricks-Lacrosse-POWLAX.webp,Coaches Corner,Coaches Corner,Exact,1.00,How-To-Do-Hidden-Ball-Tricks-Lacrosse-POWLAX
How to Throw Fakes in Lacrosse | POWLAX Backyard,https://player.vimeo.com/video/1081205916,,,,https://powlax.com/wp-content/uploads/2020/11/How-to-Throw-Fakes-in-Lacrosse-POWLAX-Backyard.webp,Coaches Corner,Coaches Corner,Exact,1.00,How to Throw Fakes in Lacrosse | POWLAX Backyard
How to Hold The Stick in Lacrosse | POWLAX Backyard,https://player.vimeo.com/video/1092025788,09-10,06-08,06-08,https://powlax.com/wp-content/uploads/2020/11/How-to-Hold-The-Stick-in-Lacrosse-POWLAX-Backyard.webp,Coaches Corner,Coaches Corner,Exact,1.00,How to Hold The Stick in Lacrosse | POWLAX Backyard
How to Pass in Lacrosse | POWLAX Backyard,https://player.vimeo.com/video/1081206192,,,,https://powlax.com/wp-content/uploads/2020/11/How-to-Pass-in-Lacrosse-POWLAX-Backyard.webp,Coaches Corner,Coaches Corner,Exact,1.00,How to Pass in Lacrosse | POWLAX Backyard
How to Pick Up Ground Balls In Lacrosse _ POWLAX Backyard,https://player.vimeo.com/video/1081328797,,,,https://powlax.com/wp-content/uploads/2020/12/How-to-Pick-Up-Ground-Balls-In-Lacrosse-_-POWLAX-Backyard.webp,Coaches Corner,Coaches Corner,Exact,1.00,How to Pick Up Ground Balls In Lacrosse _ POWLAX Backyard
How to Shoot in Lacrosse | POWLAX Backyard,https://player.vimeo.com/video/1081206024,,,,https://powlax.com/wp-content/uploads/2020/11/How-to-Shoot-in-Lacrosse-POWLAX-Backyard.webp,Coaches Corner,Coaches Corner,Exact,1.00,How to Shoot in Lacrosse | POWLAX Backyard
How to Shoot In Tight In Lacrosse _ POWLAX Backyard,https://player.vimeo.com/video/1081206704,,,,https://powlax.com/wp-content/uploads/2020/11/How-to-Shoot-In-Tight-In-Lacrosse-_-POWLAX-Backyard.webp,Coaches Corner,Coaches Corner,Exact,1.00,How to Shoot In Tight In Lacrosse _ POWLAX Backyard
How to Shoot on the Run in Lacrosse | POWLAX Backyard,https://player.vimeo.com/video/1081206667,,,,https://powlax.com/wp-content/uploads/2020/11/How-to-Shoot-on-the-Run-in-Lacrosse-POWLAX-Backyard.webp,Coaches Corner,Coaches Corner,Exact,1.00,How to Shoot on the Run in Lacrosse | POWLAX Backyard
How to Shoot with Time and Room in Lacrosse | POWLAX Backyard,https://player.vimeo.com/video/1081205965,,,,https://powlax.com/wp-content/uploads/2020/11/How-to-Shoot-with-Time-and-Room-in-Lacrosse-POWLAX-Backyard.webp,Coaches Corner,Coaches Corner,Exact,1.00,How to Shoot with Time and Room in Lacrosse | POWLAX Backyard
How to Switch Hands in Lacrosse | POWLAX Backyard,https://player.vimeo.com/video/1081333308,,,,https://powlax.com/wp-content/uploads/2020/11/How-to-Switch-Hands-in-Lacrosse-POWLAX-Backyard.webp,Coaches Corner,Coaches Corner,Exact,1.00,How to Switch Hands in Lacrosse | POWLAX Backyard
Using and Defending Box Picks | Lacrosse | POWLAX,https://player.vimeo.com/video/1078534017,11-12,09-12,06-10,https://powlax.com/wp-content/uploads/2020/08/Using-and-Defending-Box-Picks-Lacrosse-POWLAX-1.webp,Coaches Corner,Coaches Corner,Exact,1.00,Using and Defending Box Picks | Lacrosse | POWLAX
L Fast Break POWLAX Master Class Banner,https://player.vimeo.com/video/1078533720,,,,,,,No Match,0.00,
Line Bump Drill | Lacrosse | POWLAX,https://player.vimeo.com/video/181826603,11-12,09-12,06-10,https://powlax.com/wp-content/uploads/2020/08/Line-Bump-Drill-Lacrosse-POWLAX-scaled.webp,Coaches Corner,Coaches Corner,Exact,1.00,Line Bump Drill | Lacrosse | POWLAX
Line-Drills-Lacrosse-POWLAX,https://player.vimeo.com/video/184030071,11-12,09-12,06-08,https://powlax.com/wp-content/uploads/2020/08/Line-Drills-Lacrosse-POWLAX.webp,Coaches Corner,Coaches Corner,Exact,1.00,Line-Drills-Lacrosse-POWLAX
Mammoth-Shooting-Drill-POWLAX,https://player.vimeo.com/video/1092025297,11-12,09-12,09-10,https://powlax.com/wp-content/uploads/2020/08/Mammoth-Shooting-Drill-POWLAX.webp,Coaches Corner,Coaches Corner,Exact,1.00,Mammoth-Shooting-Drill-POWLAX
4-Man-Rotation-Man-Down-Lacrosse-POWLAX,https://player.vimeo.com/video/1092017545,13-14,09-14,09-10,https://powlax.com/wp-content/uploads/2020/08/4-Man-Rotation-Man-Down-Lacrosse-POWLAX.webp,Coaches Corner,Coaches Corner,Exact,1.00,4-Man-Rotation-Man-Down-Lacrosse-POWLAX
5-Man-Rotation-Man-Down-Lacrosse-POWLAX,https://player.vimeo.com/video/1092017507,13-14,13-14,09-14,https://powlax.com/wp-content/uploads/2020/08/5-Man-Rotation-Man-Down-Lacrosse-POWLAX.webp,Coaches Corner,Coaches Corner,Exact,1.00,5-Man-Rotation-Man-Down-Lacrosse-POWLAX
Man-Down-Restart-Trick-Plays-POWLAX-Lacrosse-Youtube,https://player.vimeo.com/video/1078458981,13-14,09-14,09-10,https://powlax.com/wp-content/uploads/2020/08/Man-Down-Restart-Trick-Plays-POWLAX-Lacrosse-Youtube.webp,Coaches Corner,Coaches Corner,Exact,1.00,Man-Down-Restart-Trick-Plays-POWLAX-Lacrosse-Youtube
Take This,https://player.vimeo.com/video/1092025037,13-14,11-14,09-14,,,,No Match,0.00,
Ohio State Pairs Offense | Lacrosse | POWLAX,https://player.vimeo.com/video/1092024943,13-14,13-14,09-14,https://powlax.com/wp-content/uploads/2020/08/Ohio-State-Pairs-Offense-Lacrosse-POWLAX.webp,Coaches Corner,Coaches Corner,Exact,1.00,Ohio State Pairs Offense | Lacrosse | POWLAX
Partner-Passing-Drill-Lacrosse-POWLAX,https://player.vimeo.com/video/1078459069,13-14,06-14,06-08,https://powlax.com/wp-content/uploads/2020/08/Partner-Passing-Drill-Lacrosse-POWLAX.webp,Coaches Corner,Coaches Corner,Exact,1.00,Partner-Passing-Drill-Lacrosse-POWLAX
14 Wing Pairs Offense | Penn State | Lacrosse | POWLAX,https://player.vimeo.com/video/1078452306,13-14,11-14,09-14,https://powlax.com/wp-content/uploads/2020/08/3-High-Pairs-Offense-Penn-State-Lacrosse-POWLAX.webp,Coaches Corner,Coaches Corner,Fuzzy,0.93,3 High Pairs Offense | Penn State | Lacrosse | POWLAX
"Take This As A Master Class Banner - Black, White and Gold (1)",https://player.vimeo.com/video/1078452461,13-14,11-14,09-14,,,,No Match,0.00,
3 High Pairs Offense | Penn State | Lacrosse | POWLAX,https://player.vimeo.com/video/1081201085,13-14,09-14,06-08,https://powlax.com/wp-content/uploads/2020/08/3-High-Pairs-Offense-Penn-State-Lacrosse-POWLAX.webp,Coaches Corner,Coaches Corner,Exact,1.00,3 High Pairs Offense | Penn State | Lacrosse | POWLAX
Picks-Behind-Offense-Penn-State-Lacrosse-POWLAX,https://player.vimeo.com/video/1092031217,13-14,09-14,06-08,https://powlax.com/wp-content/uploads/2020/08/Picks-Behind-Offense-Penn-State-Lacrosse-POWLAX.webp,Coaches Corner,Coaches Corner,Exact,1.00,Picks-Behind-Offense-Penn-State-Lacrosse-POWLAX
Power-1-Midfield-Play-Lacrosse-POWLAX,https://player.vimeo.com/video/1078459852,13-14,09-14,06-10,https://powlax.com/wp-content/uploads/2020/08/Power-1-Midfield-Play-Lacrosse-POWLAX.webp,Coaches Corner,Coaches Corner,Exact,1.00,Power-1-Midfield-Play-Lacrosse-POWLAX
Reading-Man-Down-Defense-in-a-3-3-Lacrosse-POWLAX,https://player.vimeo.com/video/1078534101,13-14,11-14,09-10,https://powlax.com/wp-content/uploads/2020/08/Reading-Man-Down-Defense-in-a-3-3-Lacrosse-POWLAX.webp,Coaches Corner,Coaches Corner,Exact,1.00,Reading-Man-Down-Defense-in-a-3-3-Lacrosse-POWLAX
Dodge Follow Float | Lacrosse | POWLAX,https://player.vimeo.com/video/1078459435,11-12,09-12,06-10,https://powlax.com/wp-content/uploads/2020/08/Dodge-Follow-Float-Lacrosse-POWLAX-scaled.webp,Coaches Corner,Coaches Corner,Exact,1.00,Dodge Follow Float | Lacrosse | POWLAX
RIT's Tiger Zone Thumbnail,https://player.vimeo.com/video/1081205255,13-14,09-14,09-14,https://powlax.com/wp-content/uploads/2022/07/RITs-Tiger-Zone-Thumbnail.webp,Coaches Corner,Coaches Corner,Exact,1.00,RIT's Tiger Zone Thumbnail
Rutgers-3-3-Flip-and-Swing-Man-Up-Plays-Lacrosse-POWLAX,https://player.vimeo.com/video/1092030981,13-14,11-14,09-14,https://powlax.com/wp-content/uploads/2020/08/Rutgers-3-3-Flip-and-Swing-Man-Up-Plays-Lacrosse-POWLAX.webp,Coaches Corner,Coaches Corner,Exact,1.00,Rutgers-3-3-Flip-and-Swing-Man-Up-Plays-Lacrosse-POWLAX
Rutgers-Set-Play-Lacrosse-POWLAX,https://player.vimeo.com/video/1078534057,13-14,11-14,09-10,https://powlax.com/wp-content/uploads/2020/08/Rutgers-Set-Play-Lacrosse-POWLAX-scaled.webp,Coaches Corner,Coaches Corner,Exact,1.00,Rutgers-Set-Play-Lacrosse-POWLAX
Saints-Passing-Drill-POWLAX,https://player.vimeo.com/video/180762454,11-12,09-12,06-08,https://powlax.com/wp-content/uploads/2020/08/Saints-Passing-Drill-POWLAX.webp,Coaches Corner,Coaches Corner,Exact,1.00,Saints-Passing-Drill-POWLAX
Salisbury-Call-Drill-Lacrosse-POWLAX,https://player.vimeo.com/video/1078459726,13-14,11-14,09-10,https://powlax.com/wp-content/uploads/2020/08/Salisbury-Call-Drill-Lacrosse-POWLAX.webp,Coaches Corner,Coaches Corner,Exact,1.00,Salisbury-Call-Drill-Lacrosse-POWLAX
Salmon-Bellies-Slip-Shooting-Drill-Box-Lacrosse-POWLAX,https://player.vimeo.com/video/1081205239,09-10,06-08,06-08,https://powlax.com/wp-content/uploads/2020/08/Salmon-Bellies-Slip-Shooting-Drill-Box-Lacrosse-POWLAX.webp,Coaches Corner,Coaches Corner,Exact,1.00,Salmon-Bellies-Slip-Shooting-Drill-Box-Lacrosse-POWLAX
Sideways-West-Genny-Lacrosse-Drill-POWLAX,https://player.vimeo.com/video/1078533638,11-12,09-12,06-10,https://powlax.com/wp-content/uploads/2020/08/Sideways-West-Genny-Lacrosse-Drill-POWLAX.webp,Coaches Corner,Coaches Corner,Exact,1.00,Sideways-West-Genny-Lacrosse-Drill-POWLAX
Spike-Stickwork-Passing-Drill-Lacrosse-POWLAX,https://player.vimeo.com/video/1078533886,13-14,06-12,06-08,https://powlax.com/wp-content/uploads/2020/08/Spike-Stickwork-Passing-Drill-Lacrosse-POWLAX.webp,Coaches Corner,Coaches Corner,Exact,1.00,Spike-Stickwork-Passing-Drill-Lacrosse-POWLAX
Star-and-Swing-It-Passing-Lacrosse-POWLAX,https://player.vimeo.com/video/1081205199,09-10,09-10,06-08,https://powlax.com/wp-content/uploads/2020/08/Star-and-Swing-It-Passing-Lacrosse-POWLAX.webp,Coaches Corner,Coaches Corner,Exact,1.00,Star-and-Swing-It-Passing-Lacrosse-POWLAX
Star-Passing-Lacrosse-POWLAX,https://player.vimeo.com/video/1092030965,09-10,09-10,06-08,https://powlax.com/wp-content/uploads/2020/08/Star-Passing-Lacrosse-POWLAX.webp,Coaches Corner,Coaches Corner,Exact,1.00,Star-Passing-Lacrosse-POWLAX
Subbing through the Midline | POWLAX | Lacrosse,https://player.vimeo.com/video/1081205184,11-12,09-12,06-08,https://powlax.com/wp-content/uploads/2021/03/Subbing-through-the-Midline-POWLAX-Lacrosse.webp,Coaches Corner,Coaches Corner,Exact,1.00,Subbing through the Midline | POWLAX | Lacrosse
Swing-It-Passing-Lacrosse-POWLAX,https://player.vimeo.com/video/1078459567,09-10,09-10,06-08,https://powlax.com/wp-content/uploads/2020/08/Swing-It-Passing-Lacrosse-POWLAX.webp,Coaches Corner,Coaches Corner,Exact,1.00,Swing-It-Passing-Lacrosse-POWLAX
The Riding Playbook Thumbnail,https://player.vimeo.com/video/1078533367,13-14,11-14,09-10,https://powlax.com/wp-content/uploads/2023/11/The-Riding-Playbook-Thumbnail.webp,Coaches Corner,Coaches Corner,Exact,1.00,The Riding Playbook Thumbnail
Throwback-Line-Drills-Lacrosse-POWLAX,https://player.vimeo.com/video/182763087,13-14,09-12,06-08,https://powlax.com/wp-content/uploads/2020/08/Throwback-Line-Drills-Lacrosse-POWLAX-scaled.webp,Coaches Corner,Coaches Corner,Exact,1.00,Throwback-Line-Drills-Lacrosse-POWLAX
Triangle-Show-Drill-Lacrosse-POWLAX,https://player.vimeo.com/video/180762665,11-12,09-12,06-10,https://powlax.com/wp-content/uploads/2020/08/Triangle-Show-Drill-Lacrosse-POWLAX-scaled.webp,Coaches Corner,Coaches Corner,Exact,1.00,Triangle-Show-Drill-Lacrosse-POWLAX
UNCs-3-Man-Slow-Break-Offense-Lacrosse-POWLAX,https://player.vimeo.com/video/1081204619,13-14,11-14,09-14,https://powlax.com/wp-content/uploads/2020/08/UNCs-3-Man-Slow-Break-Offense-Lacrosse-POWLAX.webp,Coaches Corner,Coaches Corner,Exact,1.00,UNCs-3-Man-Slow-Break-Offense-Lacrosse-POWLAX
Up-Pick-to-Down-Pick-Box-Offense-Lacrosse-POWLAX,https://player.vimeo.com/video/1078459700,13-14,13-14,09-14,https://powlax.com/wp-content/uploads/2020/08/Up-Pick-to-Down-Pick-Box-Offense-Lacrosse-POWLAX.webp,Coaches Corner,Coaches Corner,Exact,1.00,Up-Pick-to-Down-Pick-Box-Offense-Lacrosse-POWLAX
Using-and-Defending-Box-Picks-Lacrosse-POWLAX,https://player.vimeo.com/video/1078459157,13-14,09-14,09-10,https://powlax.com/wp-content/uploads/2020/08/Using-and-Defending-Box-Picks-Lacrosse-POWLAX.webp,Coaches Corner,Coaches Corner,Exact,1.00,Using-and-Defending-Box-Picks-Lacrosse-POWLAX
Virginia's 2-2-2 From X (1),https://player.vimeo.com/video/1092030466,13-14,11-14,09-14,https://powlax.com/wp-content/uploads/2020/08/Virginias-2-2-2-From-X-1.webp,Coaches Corner,Coaches Corner,Exact,1.00,Virginia's 2-2-2 From X (1)
Virginia's Man Up Motions into a 3-3 | Lacrosse | POWLAX,https://player.vimeo.com/video/1081204555,13-14,11-14,09-14,https://powlax.com/wp-content/uploads/2020/08/Virginias-Man-Up-Motions-into-a-3-3-Lacrosse-POWLAX.webp,Coaches Corner,Coaches Corner,Exact,1.00,Virginia's Man Up Motions into a 3-3 | Lacrosse | POWLAX
Weave and Mumbo Box Offense | Lacrosse | POWLAX,https://player.vimeo.com/video/1078459324,11-12,09-12,06-08,https://powlax.com/wp-content/uploads/2020/08/Weave-and-Mumbo-Box-Offense-Lacrosse-POWLAX.webp,Coaches Corner,Coaches Corner,Exact,1.00,Weave and Mumbo Box Offense | Lacrosse | POWLAX
"Take This As A Master Class Banner - Black, White and Gold",https://player.vimeo.com/video/1078533467,13-14,11-14,09-14,,,,No Match,0.00,
So Your Kid Wants to Play Lacrosse What is Lavcrosse,https://player.vimeo.com/video/1092030354,15-18,06-18,06-08,https://powlax.com/wp-content/uploads/2020/08/So-Your-Kid-Wants-to-Play-Lacrosse-What-is-Lavcrosse.webp,Coaches Corner,Coaches Corner,Exact,1.00,So Your Kid Wants to Play Lacrosse What is Lavcrosse
6455EDDD-31F9-4141-ADFC-C39E9C9175E3,https://player.vimeo.com/video/1092030203,13-14,13-14,09-14,https://powlax.com/wp-content/uploads/2022/07/6455EDDD-31F9-4141-ADFC-C39E9C9175E3.webp,Coaches Corner,Coaches Corner,Exact,1.00,6455EDDD-31F9-4141-ADFC-C39E9C9175E3
Wristers-Box-Lacrosse-Finishing-Drill-POWLAX,https://player.vimeo.com/video/1078533857,13-14,11-14,09-10,https://powlax.com/wp-content/uploads/2020/08/Wristers-Box-Lacrosse-Finishing-Drill-POWLAX.webp,Coaches Corner,Coaches Corner,Exact,1.00,Wristers-Box-Lacrosse-Finishing-Drill-POWLAX
Jim-Berkmans-10-Recruiting-Tips-Lacrosse-POWLAX,https://player.vimeo.com/video/1092025358,15-18,06-18,06-08,https://powlax.com/wp-content/uploads/2020/08/Jim-Berkmans-10-Recruiting-Tips-Lacrosse-POWLAX.webp,Coaches Corner,Coaches Corner,Exact,1.00,Jim-Berkmans-10-Recruiting-Tips-Lacrosse-POWLAX
4-3 Clear | Lacrosse | POWLAX,https://player.vimeo.com/video/1078452202,11-12,09-12,06-08,https://powlax.com/wp-content/uploads/2020/08/4-3-Clear-Lacrosse-POWLAX.webp,Coaches Corner,Coaches Corner,Exact,1.00,4-3 Clear | Lacrosse | POWLAX
The basics of individual defense,https://player.vimeo.com/video/1078452551,13-14,09-12,06-08,https://powlax.com/wp-content/uploads/2022/11/The-basics-of-individual-defense.png,Coaches Corner,Coaches Corner,Exact,1.00,The basics of individual defense
Building-Perfect-Playbook-Images-POWLAX,https://player.vimeo.com/video/1092027161,15-18,06-18,06-08,https://powlax.com/wp-content/uploads/2020/08/Building-Perfect-Playbook-Images-POWLAX.webp,Coaches Corner,Coaches Corner,Exact,1.00,Building-Perfect-Playbook-Images-POWLAX
Circle-Dodging-Drill-Lacrosse-POWLAX,https://player.vimeo.com/video/180762732,11-12,09-12,06-08,https://powlax.com/wp-content/uploads/2020/08/Circle-Dodging-Drill-Lacrosse-POWLAX-scaled.webp,Coaches Corner,Coaches Corner,Exact,1.00,Circle-Dodging-Drill-Lacrosse-POWLAX
Dodge Terminology,https://player.vimeo.com/video/1081201538,11-12,09-12,06-08,,,,No Match,0.00,
Coaches-vs-Refs-Lacrosse-POWLAX,https://player.vimeo.com/video/1078458932,15-18,06-18,06-08,https://powlax.com/wp-content/uploads/2020/08/Coaches-vs-Refs-Lacrosse-POWLAX.webp,Coaches Corner,Coaches Corner,Exact,1.00,Coaches-vs-Refs-Lacrosse-POWLAX
Defending-Hang-Ups-Lacrosse-POWLAX,https://player.vimeo.com/video/1078533606,13-14,11-14,09-10,https://powlax.com/wp-content/uploads/2020/08/Defending-Hang-Ups-Lacrosse-POWLAX.webp,Coaches Corner,Coaches Corner,Exact,1.00,Defending-Hang-Ups-Lacrosse-POWLAX
East West Dodging,https://player.vimeo.com/video/1092026384,13-14,09-12,06-08,https://powlax.com/wp-content/uploads/2022/11/East-West-Dodging.webp,Coaches Corner,Coaches Corner,Exact,1.00,East West Dodging
Hands Free,https://player.vimeo.com/video/1092026241,13-14,09-12,06-08,https://powlax.com/wp-content/uploads/2022/11/Hands-Free.webp,Coaches Corner,Coaches Corner,Exact,1.00,Hands Free
I Passing Drill Thumbnail (1),https://player.vimeo.com/video/1092025738,09-10,09-10,06-08,https://powlax.com/wp-content/uploads/2024/01/I-Passing-Drill-Thumbnail-1.webp,Coaches Corner,Coaches Corner,Exact,1.00,I Passing Drill Thumbnail (1)
Island 1v1's | Lacrosse | POWLAX,https://player.vimeo.com/video/1092025702,09-10,09-12,06-08,https://powlax.com/wp-content/uploads/2020/08/Island-1v1s-Lacrosse-POWLAX-scaled.webp,Coaches Corner,Coaches Corner,Exact,1.00,Island 1v1's | Lacrosse | POWLAX
Copy of 4x5 The Player and Parents Guide to Lacrosse (1),https://player.vimeo.com/video/1081206389,13-14,09-12,06-08,,,,No Match,0.00,
Dodges for Attackmen,https://player.vimeo.com/video/1092026690,13-14,09-12,06-08,https://powlax.com/wp-content/uploads/2022/11/Dodges-for-Attackmen.webp,Coaches Corner,Coaches Corner,Exact,1.00,Dodges for Attackmen
dodges for Midfielders,https://player.vimeo.com/video/1092026633,13-14,09-12,06-08,https://powlax.com/wp-content/uploads/2022/11/dodges-for-Midfielders.webp,Coaches Corner,Coaches Corner,Exact,1.00,dodges for Midfielders
Wind Up Dodges,https://player.vimeo.com/video/1092030117,13-14,09-12,06-08,https://powlax.com/wp-content/uploads/2022/11/Wind-Up-Dodges.webp,Coaches Corner,Coaches Corner,Exact,1.00,Wind Up Dodges
North-South-Dodging-Footwork-Lacrosse-POWLAX,https://player.vimeo.com/video/1078458944,,,,https://powlax.com/wp-content/uploads/2020/08/North-South-Dodging-Footwork-Lacrosse-POWLAX.webp,Coaches Corner,Coaches Corner,Exact,1.00,North-South-Dodging-Footwork-Lacrosse-POWLAX
North-South-Dodging-Lacrosse-POWLAX,https://player.vimeo.com/video/1078459179,13-14,09-12,06-08,https://powlax.com/wp-content/uploads/2020/08/North-South-Dodging-Lacrosse-POWLAX.webp,Coaches Corner,Coaches Corner,Exact,1.00,North-South-Dodging-Lacrosse-POWLAX
Question Mark - POWLAX Backyard,https://player.vimeo.com/video/1092025869,13-14,11-14,09-10,https://powlax.com/wp-content/uploads/2021/09/Question-Mark-POWLAX-Backyard.webp,Coaches Corner,Coaches Corner,Exact,1.00,Question Mark - POWLAX Backyard
Recruiting-Anxiety-Lacrosse-POWLAX,https://player.vimeo.com/video/1078458907,,,,https://powlax.com/wp-content/uploads/2020/08/Recruiting-Anxiety-Lacrosse-POWLAX.webp,Coaches Corner,Coaches Corner,Exact,1.00,Recruiting-Anxiety-Lacrosse-POWLAX
Running-The-Box-Lacrosse-POWLAX,https://player.vimeo.com/video/184030313,15-18,13-14,11-12,https://powlax.com/wp-content/uploads/2020/08/Running-The-Box-Lacrosse-POWLAX-scaled.webp,Coaches Corner,Coaches Corner,Exact,1.00,Running-The-Box-Lacrosse-POWLAX
Short 1v1's - Lacrosse - POWLAX,https://player.vimeo.com/video/1078533920,09-10,09-12,06-08,https://powlax.com/wp-content/uploads/2020/08/Short-1v1s-Lacrosse-POWLAX.webp,Coaches Corner,Coaches Corner,Exact,1.00,Short 1v1's - Lacrosse - POWLAX
Skeleton-Shooting-Lacrosse-POWLAX,https://player.vimeo.com/video/1092030908,13-14,09-14,06-08,https://powlax.com/wp-content/uploads/2020/08/Skeleton-Shooting-Lacrosse-POWLAX-scaled.webp,Coaches Corner,Coaches Corner,Exact,1.00,Skeleton-Shooting-Lacrosse-POWLAX
Slow-Break-Offense-Lacrosse-POWLAX,https://player.vimeo.com/video/1078459865,13-14,09-14,06-08,https://powlax.com/wp-content/uploads/2020/08/Slow-Break-Offense-Lacrosse-POWLAX.webp,Coaches Corner,Coaches Corner,Exact,1.00,Slow-Break-Offense-Lacrosse-POWLAX
8E1E0224-5458-4213-A709-82ECE8F915E7,https://player.vimeo.com/video/1092026042,13-14,09-12,06-08,https://powlax.com/wp-content/uploads/2021/10/8E1E0224-5458-4213-A709-82ECE8F915E7.webp,Coaches Corner,Coaches Corner,Exact,1.00,8E1E0224-5458-4213-A709-82ECE8F915E7
Dodges for Defenseman,https://player.vimeo.com/video/1092026603,13-14,09-12,06-08,https://powlax.com/wp-content/uploads/2022/11/Dodges-for-Defenseman.webp,Coaches Corner,Coaches Corner,Exact,1.00,Dodges for Defenseman
Touch-The-Hat-Approach-Drill-Lacrosse-POWLAX,https://player.vimeo.com/video/1078533898,09-10,09-12,06-08,https://powlax.com/wp-content/uploads/2020/08/Touch-The-Hat-Approach-Drill-Lacrosse-POWLAX-scaled.webp,Coaches Corner,Coaches Corner,Exact,1.00,Touch-The-Hat-Approach-Drill-Lacrosse-POWLAX
Trailer-Fast-Break-Lacrosse-POWLAX-1,https://player.vimeo.com/video/1078459836,13-14,09-14,06-08,https://powlax.com/wp-content/uploads/2020/08/Trailer-Fast-Break-Lacrosse-POWLAX-1-scaled.webp,Coaches Corner,Coaches Corner,Exact,1.00,Trailer-Fast-Break-Lacrosse-POWLAX-1
Triangle-Approach-Drill-Lacrosse-POWLAX,https://player.vimeo.com/video/1092030895,09-10,09-12,06-08,https://powlax.com/wp-content/uploads/2020/08/Triangle-Approach-Drill-Lacrosse-POWLAX.webp,Coaches Corner,Coaches Corner,Exact,1.00,Triangle-Approach-Drill-Lacrosse-POWLAX
West-Genny-Drill-Lacrosse-POWLAX,https://player.vimeo.com/video/1092030446,11-12,09-12,06-10,https://powlax.com/wp-content/uploads/2020/08/West-Genny-Drill-Lacrosse-POWLAX-scaled.webp,Coaches Corner,Coaches Corner,Exact,1.00,West-Genny-Drill-Lacrosse-POWLAX
Wind-Up-1v1s-Lacrosse-POWLAX,https://player.vimeo.com/video/1092030158,11-12,09-12,06-08,https://powlax.com/wp-content/uploads/2020/08/Wind-Up-1v1s-Lacrosse-POWLAX-scaled.webp,Coaches Corner,Coaches Corner,Exact,1.00,Wind-Up-1v1s-Lacrosse-POWLAX
Skills with Womens Sticks,https://player.vimeo.com/video/1092252535,,,,https://powlax.com/wp-content/uploads/2022/12/Skills-with-Womens-Sticks.webp,Coaches Corner,Coaches Corner,Exact,1.00,Skills with Womens Sticks
Womens Lacrosse All Skills Transfer,https://player.vimeo.com/video/1092029976,09-10,06-08,06-08,https://powlax.com/wp-content/uploads/2022/11/Womens-Lacrosse-All-Skills-Transfer.webp,Coaches Corner,Coaches Corner,Exact,1.00,Womens Lacrosse All Skills Transfer
Y-Drill-Lacrosse-POWLAX,https://player.vimeo.com/video/1078459453,11-12,09-12,06-10,https://powlax.com/wp-content/uploads/2020/08/Y-Drill-Lacrosse-POWLAX-scaled.webp,Coaches Corner,Coaches Corner,Exact,1.00,Y-Drill-Lacrosse-POWLAX
