name,drill_game_states,drill_category,Vimeo URL,tags,Lacrosse Lab URL 1,Lacrosse Lab URL 2,Lacrosse Lab URL 3,Lacrosse Lab URL 4,Lacrosse Lab URL 5
Line Drills 1,"pp-settled-offense,pp-offensive-transition,pp-clearing",Skill Drills,https://vimeo.com/184030071,Beginner - Stick-Work - Whole Unit (8+),https://lacrosse.labradorsports.com/play?l=77Ih59WK2IGaxbRuNV1E,https://lacrosse.labradorsports.com/play?l=hylFppQsFXnpFtXx1Khh,https://lacrosse.labradorsports.com/play?l=1WL945VormCYxhSdHqMb,https://lacrosse.labradorsports.com/play?l=C1ky2XnDNPsuzS5UiYBU,https://lacrosse.labradorsports.com/play?l=ulljZQMXH8IAcdKeQ5e1
Line Drills 2,"pp-settled-offense,pp-offensive-transition,pp-clearing",Skill Drills,https://vimeo.com/184030071,Beginner - Stick-Work - Whole Unit (8+),https://lacrosse.labradorsports.com/play?l=GMzWBH3dfsrNtfeebNAz,https://lacrosse.labradorsports.com/play?l=Vj0UET61vCBNphvvDBkz,,,
Throw Back Line Drills 1,"pp-settled-offense,pp-offensive-transition,pp-clearing",Skill Drills,https://vimeo.com/182763087,Small Group (2-8) - Whole Unit (8+) - Stick-Work - Beginner - Intermediate,https://lacrosse.labradorsports.com/play?l=AgG9TtWJTBXpPP5hnfFh,https://lacrosse.labradorsports.com/play?l=XLRBxpjFmoiGbSkcTcDW,https://lacrosse.labradorsports.com/play?l=7ClZYJoIzOPd5V7M5cSK,https://lacrosse.labradorsports.com/play?l=Tl3Ye53uEpSgiyxIlRBg,https://lacrosse.labradorsports.com/play?l=74CZFMfs5DjEs7V89Jmt
Throw Back Line Drills 2,"pp-settled-offense,pp-offensive-transition,pp-clearing",Skill Drills,https://vimeo.com/182763087,Small Group (2-8) - Whole Unit (8+) - Stick-Work - Beginner - Intermediate,https://lacrosse.labradorsports.com/play?l=oforXC2BGBxd3RE3P3xr,,,,
4 Corner Shooting 1,"pp-settled-offense,pp-offensive-transition",Skill Drills,,Offense - Beginner - Intermediate - Advanced - Stick-Work - Whole Unit (8+),https://lacrosse.labradorsports.com/play?l=g5bDYxTUkUaN9bq31i32,https://lacrosse.labradorsports.com/play?l=Dm4SvkVmISBoMhe88pz5,https://lacrosse.labradorsports.com/play?l=BLGDnvhhe0XG82OAdx7L,https://lacrosse.labradorsports.com/play?l=2HDQ8DXkyClfU5Ity14E,https://lacrosse.labradorsports.com/play?l=wnEdYK5AKc4KpnE7J68O
4 Corner Shooting 2,"pp-settled-offense,pp-offensive-transition",Skill Drills,,Offense - Beginner - Intermediate - Advanced - Stick-Work - Whole Unit (8+),https://lacrosse.labradorsports.com/play?l=W2sr4EEtagxhOLSjcfyk,,,,
Skeleton Shooting 1,pp-settled-offense,Concept Drills ,https://vimeo.com/1092030908,Beginner - Small Group (2-8),https://lacrosse.labradorsports.com/play?l=j8DRDJ9g9qGGkSKdWSPH,https://lacrosse.labradorsports.com/play?l=cTIO1cQ8cVxuv9NN8c6D,https://lacrosse.labradorsports.com/play?l=DEJJzQo7P0WALAiFSwBW,https://lacrosse.labradorsports.com/play?l=0Zm83YidifXdKcGdA1Ew,https://lacrosse.labradorsports.com/play?l=0Zm83YidifXdKcGdA1Ew
Skeleton Shooting 2,pp-settled-offense,Concept Drills ,https://vimeo.com/1092030908,Beginner - Small Group (2-8),https://lacrosse.labradorsports.com/play?l=9KNTAEfel51D93zFoPyI,https://lacrosse.labradorsports.com/play?l=7ANrXqfC8MM80iAzVW0W,https://lacrosse.labradorsports.com/play?l=tGmus99Usmxkm7E7iBZY,https://lacrosse.labradorsports.com/play?l=6bhcdoTCGDrsgeJudcFc,https://lacrosse.labradorsports.com/play?l=QmCu7bTnFEwW7VFMSDvC
Skeleton Shooting 3,pp-settled-offense,Concept Drills ,https://vimeo.com/1092030908,Beginner - Small Group (2-8),https://lacrosse.labradorsports.com/play?l=neSD2bussVfcpbGtsXxb,https://lacrosse.labradorsports.com/play?l=KnDO1sM34iisDCL7BU5H,,,
"""4 Corner Swing, Pick, and Shoot""","pp-settled-offense,pp-offensive-transition",Skill Drills,,Offense - Beginner - Intermediate - Advanced - Stick-Work - Whole Unit (8+),https://lacrosse.labradorsports.com/play?l=0A0P9bbzJtMK475XfFmU,,,,
1v1 + 1 Slide Practice,"pp-settled-defense,pp-settled-offense",Concept Drills ,,Defense - Intermediate - Beginner - Advanced - Small Group (2-8) - Whole Unit (8+),https://lacrosse.labradorsports.com/play?l=xXEhHR1lJdOdIqAeld3H,https://lacrosse.labradorsports.com/play?l=C5SiUwTrQFaAjKeclKIF,,,
1v1 1st Time GB to Roll Away,"pp-settled-offense,pp-settled-defense",1v1 Drills,,Beginner - Intermediate - Advanced - Stick-Work - Read-and-React - Small Group (2-8),https://lacrosse.labradorsports.com/play?l=WnuKsb5f4wHRtnRwiMhI,,,,
1v1 GB Give and Go to Dodge,"pp-settled-offense,pp-settled-defense",1v1 Drills,https://vimeo.com/1092018543,,https://lacrosse.labradorsports.com/play?l=4miRP41KI866vbnRGeI0,,,,
1v1+1 Defending and Sliding Drill,"pp-settled-offense,pp-settled-defense",Team Drills,,Defense - Beginner - Intermediate - Advanced - Read-and-React - Small Group (2-8) - Whole Unit (8+),https://lacrosse.labradorsports.com/play?l=GhVH0gwbhqjZ2svHmzZ4,,,,
1v1+1 Defending and Sliding Drill .,"pp-settled-offense,pp-settled-defense",1v1 Drills,,Defense - Beginner - Intermediate - Advanced - Read-and-React - Small Group (2-8) - Whole Unit (8+),https://lacrosse.labradorsports.com/play?l=wQaFr1lHTFMABKgXPrbX,,,,
1v1+2 Defending and Sliding Drill,"pp-settled-offense,pp-settled-defense",1v1 Drills,,Defense - Beginner - Intermediate - Advanced - Read-and-React - Small Group (2-8) - Whole Unit (8+),https://lacrosse.labradorsports.com/play?l=UAhTmAiaZvtFdd5xcbqH,https://lacrosse.labradorsports.com/play?l=pz5dg4vhDA1r9dO2b2yY,,,
2 Ball Reaction Drill to GB and Outlet,"pp-settled-defense,pp-transition-defense,RD,pp-clearing",Skill Drills,https://vimeo.com/1092018517,Defense - Intermediate - Advanced - React-and-React - Small Group (2-8),https://lacrosse.labradorsports.com/play?l=fKh8RD1UDh0NlgpEWt17,,,,
2v1 Scrapping,"pp-offensive-transition,pp-transition-defense,RD,pp-clearing",Team Drills,https://vimeo.com/1078459006,,https://lacrosse.labradorsports.com/play?l=f17y2uQqW4fdws6ThdKq,,,,
2v2,"pp-settled-offense,pp-settled-defense,pp-clearing,RD",Team Drills,,Beginner - Intermediate - Advanced - Stick-Work - Read-and-React - Whole Unit (8+) - Small Group (2-8),https://lacrosse.labradorsports.com/play?l=0DzWL8THAnYT0ttXvsL3,,,,
2v2’s +1 to 4v3’s,"pp-offensive-transition,pp-transition-defense",Team Drills,,Offense - Defense - Beginner - Intermediate - Advanced - Whole Unit (8+) - Transition,https://lacrosse.labradorsports.com/play?l=asjWzxi1g0mxkp0w79XA,https://lacrosse.labradorsports.com/play?l=nBzhq9FYTos2Jf05M2vR,,,
3 Man Passing,pp-clearing,Skill Drills,https://vimeo.com/1078452011,Clear - Beginner - Stick-Work - Transition - Small Group (2-8),https://lacrosse.labradorsports.com/play?l=7ONyvP4dQhW2ZFbH84NH,https://lacrosse.labradorsports.com/play?l=nS3VlAB3YvbBfjWNAnnI,https://lacrosse.labradorsports.com/play?l=71MnOpOCQxpKPutFEN2j,https://lacrosse.labradorsports.com/play?l=z1ms0ar0mo6JmygHQJat,
3v2 Ground Balls,pp-ground-ball,Team Drills,,,https://lacrosse.labradorsports.com/play?l=6deLyfPzM3hSAqhfXzQm,,,,
3v2 Lunchpail,pp-transition-defense,Team Drills,,Intermediate - Beginner - Advanced - React-and-React - Small Group (2-8),https://lacrosse.labradorsports.com/play?l=e2mKA3tnheiiiu5zPNQa,,,,
3v2 Scrapping,"pp-offensive-transition,pp-transition-defense,RD,pp-clearing",Team Drills,https://vimeo.com/1078459006,,https://lacrosse.labradorsports.com/play?l=jez9Lsc5NN2rwUXYGJsR,,,,
3v2 to 4v3 Continuous,"pp-offensive-transition,pp-transition-defense",Team Drills,https://vimeo.com/1078452085,,https://lacrosse.labradorsports.com/play?l=ASGwO5HUIQRWEIJ2dprn,,,,
3v2's,"pp-offensive-transition,pp-transition-defense",Team Drills,https://vimeo.com/179845605,Offense - Defense - Beginner - Intermediate - Advanced - React-and-React - Whole Unit (8+),https://lacrosse.labradorsports.com/play?l=RibzSQFKtRMYoyaNFDCU,https://lacrosse.labradorsports.com/play?l=AYOhavPB0640chCx0QEH,https://lacrosse.labradorsports.com/play?l=tw739dKchiRgIE4BXBZ3,https://lacrosse.labradorsports.com/play?l=E35k28XtLOHoNcOHNJZ7,
3v2’s,"pp-offensive-transition,pp-transition-defense",Team Drills,https://vimeo.com/179845605,Offense - Defense - Intermediate - Advanced - Read-and-React - Whole Unit (8+),https://lacrosse.labradorsports.com/play?l=uwlvLP8zraDtdx7GnMGm,,,,
3v3's,"pp-settled-offense,pp-settled-defense",Team Drills,https://vimeo.com/179845605,Offense - Defense - Intermediate - Advanced - Read-and-React - Transition - Small Group (2-8) - Whole Unit (8+),https://lacrosse.labradorsports.com/play?l=xKVvg55gfY3JKNqM1MR0,https://lacrosse.labradorsports.com/play?l=JiIhzyBhHl716520fRXS,,,
3v3’s,"pp-settled-offense,pp-settled-defense",Team Drills,https://vimeo.com/179845605,Offense - Defense - Beginner - Intermediate - Advanced - React-and-React - Whole Unit (8+),https://lacrosse.labradorsports.com/play?l=14cDQJxHtupw3GF2FTRY,,,,
4 Corner Long Passes,pp-clearing,Skill Drills,,Clear - Intermediate - Advanced - Stick-Work - Small Group (2-8),https://lacrosse.labradorsports.com/play?l=OnGLJNDUxqUbvvmjHo8R,,,,
4 Corner Passing,"pp-settled-offense,pp-offensive-transition",Skill Drills,,,https://lacrosse.labradorsports.com/play?l=qrp0ZdyBfemPkhFuoliQ,,,,
4 Corner SeaWolves,"pp-offensive-transition,pp-transition-defense",Team Drills,https://vimeo.com/1081204916,Offense - Defense - Intermediate - Transition - Whole Unit (8+),https://lacrosse.labradorsports.com/play?l=zWhBo8QYgfDEXNFMb2eT,https://lacrosse.labradorsports.com/play?l=BFVauhm14LTXiST2gL5d,https://lacrosse.labradorsports.com/play?l=sNulLZzzrmITfDk5Q8EH,,
4 Corner Show and Slide,pp-settled-defense,Skill Drills,,Defense - Intermediate - Advanced - Small Group (2-8) - Whole Unit (8+),https://lacrosse.labradorsports.com/play?l=Fega5gnF11M0vnA98TQV,,,,
4 Man Ping Pong Passing (Inside Keeps),"pp-settled-offense,pp-offensive-transition,pp-clearing",Skill Drills,,,https://lacrosse.labradorsports.com/play?l=01fP8HUVbKSR29hBijsK,,,,
4 Man Ping Pong Passing (Outside Keeps),"pp-settled-offense,pp-offensive-transition,pp-clearing",Skill Drills,,,https://lacrosse.labradorsports.com/play?l=kyqOaM2cb3Ipr3hA39ev,,,,
4v Build Up Keep Away,"pp-settled-offense,pp-offensive-transition,pp-transition-defense,pp-settled-defense,RD,pp-clearing,MU,MD",Live Play,,Beginner - Intermediate - Read-and-React - Whole Unit (8+),https://lacrosse.labradorsports.com/play?l=dgDsfFThoRrew8EydUwV,,,,
4v3 Scrapping,"pp-offensive-transition,pp-transition-defense,RD,pp-clearing",Team Drills,https://vimeo.com/1078459006,React-and-React - Whole Unit (8+) - Intermediate - Advanced - Clear - Offense - Defense,https://lacrosse.labradorsports.com/play?l=nSNTvAjmfzLPR0052Td0,,,,
4v3's 2 Man,"pp-offensive-transition,pp-transition-defense",Team Drills,,Offense - Defense - Beginner - Intermediate - Advanced - React-and-React - Whole Unit (8+),https://lacrosse.labradorsports.com/play?l=GjYhnRw0K0IdXyx4a9ba,,,,
4v4 2 Way Mid Game Subbing Work,"pp-clearing,RD,pp-offensive-transition,pp-transition-defense",Team Drills,,,https://lacrosse.labradorsports.com/play?l=sElTvs8Xd3goY7sctfxd,,,,
4v4 Transition Drill,"pp-offensive-transition,pp-transition-defense,pp-settled-offense,pp-settled-defense",Team Drills,,,https://lacrosse.labradorsports.com/play?l=4KL1bcepQgaqD9f9ApF8,,,,
5 on a Die Drill,pp-settled-defense,Concept Drills ,https://vimeo.com/1078459413,React-and-React - Small Group (2-8) - Intermediate - Advanced,https://lacrosse.labradorsports.com/play?l=Poo0lq5Y9ZjCVTcDhnmA,https://lacrosse.labradorsports.com/play?l=xXEhHR1lJdOdIqAeld3H,https://lacrosse.labradorsports.com/play?l=XfD3cZ0aW0Q0S1tCSIQm,https://lacrosse.labradorsports.com/play?l=dlERYYoXuVTZtZlMyF57,
5v4 Brady Drill,"pp-offensive-transition,pp-transition-defense,RD,pp-clearing",Team Drills,,,https://lacrosse.labradorsports.com/play?l=Y1dynT3DYDczt0eHoFxK,,,,
5v4 Continuous Keep Away,"pp-settled-offense,pp-offensive-transition,pp-transition-defense,pp-settled-defense,RD,pp-clearing,MU,MD",Live Play,https://vimeo.com/1081201100,Offense - Defense - Intermediate - Advanced - Read-and-React - Whole Unit (8+),https://lacrosse.labradorsports.com/play?l=2wzHQvH0dGmME0hPAVHa,,,,
5v4 Continuous Keep Away (End Game Doubles),"pp-settled-offense,pp-offensive-transition,pp-transition-defense,pp-settled-defense,RD,pp-clearing,MU,MD",Live Play,https://vimeo.com/1081201100,Offense - Defense - Intermediate - Advanced - Read-and-React - Whole Unit (8+),https://lacrosse.labradorsports.com/play?l=h9XBCCz8CNORRDm1S9pz,,,,
6 Line Shooting,"pp-settled-offense,pp-offensive-transition",Skill Drills,,Advanced - Stick-Work - Whole Unit (8+),https://lacrosse.labradorsports.com/play?l=xY9o3W0qLaqpuluSqa5Q,,,,
Arc 5 Player Shooting,"pp-settled-offense,pp-offensive-transition",Skill Drills,,Beginner - Intermediate - Advanced - Stick-Work - Individual (1),https://lacrosse.labradorsports.com/play?l=DOxqFookcbSuJDdxizai,,,,
Bling Bling Shooting,"pp-settled-offense,pp-offensive-transition",Skill Drills,https://vimeo.com/1078452651,Beginner - Small Group (2-8) - Whole Unit (8+),https://lacrosse.labradorsports.com/play?l=n3QEySs72w9MxvTMerVj,https://lacrosse.labradorsports.com/play?l=DKf1R1jt4rosi39KqTkP,https://lacrosse.labradorsports.com/play?l=lYihUXikkcYps8WPBn2R,,
Box 5v4,"pp-settled-offense,pp-offensive-transition,pp-transition-defense,pp-settled-defense,RD,pp-clearing,MU,MD",Live Play,,,https://lacrosse.labradorsports.com/play?l=Xyvl3o4dJG064UNZ9Q0h,,,,
Butt to Butt Ground Balls,,,https://vimeo.com/1078452882,,,,,,
Circle Dodging,"pp-settled-offense,pp-offensive-transition,pp-clearing",Skill Drills,https://vimeo.com/180762732,Offense - Beginner - Stick-Work - Whole Unit (8+) - Small Group (2-8) - Individual (1),https://lacrosse.labradorsports.com/play?l=ebvNg6L913jCvNLb3GoP,,,,
Circle Shooting,"pp-settled-offense,pp-offensive-transition",Skill Drills,,,https://lacrosse.labradorsports.com/play?l=OgpI4B7HAgFxaJT2CbJS,https://lacrosse.labradorsports.com/play?l=aGMICnwHksqJ66kL60n5,,,
Clear Passing,pp-clearing,Skill Drills,https://vimeo.com/1078459533,,https://lacrosse.labradorsports.com/play?l=WqqgiqycbgdbHU0KKMaY,https://lacrosse.labradorsports.com/play?l=WnAFnAMAd5O9aoAQbUD2,,,
Crazy 8's,"pp-offensive-transition,pp-transition-defense",Team Drills,,Beginner - Whole Unit (8+),https://lacrosse.labradorsports.com/play?l=sFptB8KJLI8DlzzDsy2B,,,,
Crease Feed Recover 1v1,"pp-settled-defense,pp-settled-offense",Concept Drills ,,Defense - Offense - Intermediate - Advanced - React-and-React - Small Group (2-8) - Whole Unit (8+),https://lacrosse.labradorsports.com/play?l=azcOOG6qSXP7flsly9yR,,,,
Diagonal Shooting,"pp-settled-offense,pp-offensive-transition",Skill Drills,,Offense - Intermediate - Stick-Work - Whole Unit (8+),https://lacrosse.labradorsports.com/play?l=WoGiBA6gMhtuncYRjtFH,,,,
Diamond 1v1's,"pp-settled-offense,pp-settled-defense",1v1 Drills,,,https://lacrosse.labradorsports.com/play?l=iE6Osllh51h7ovJKHvcI,,,,
Duke Transition Drill,"pp-offensive-transition,pp-transition-defense",Team Drills,https://vimeo.com/1078459580,,https://lacrosse.labradorsports.com/play?l=HXfc4Tk8jxZkqDoAM09H,,,,
Fast/Slow Drill (Hofstra),"pp-offensive-transition,pp-transition-defense",Team Drills,,Offense - Defense - Advanced - Transition - Whole Unit (8+),https://lacrosse.labradorsports.com/play?l=L1F0QzXHgGVLviLUhgCx,,,,
Figure 8 Shooting,"pp-settled-offense,pp-offensive-transition",Skill Drills,,Small Group (2-8) - Stick-Work - Advanced - Intermediate,https://lacrosse.labradorsports.com/play?l=uCwqD9zaGuSlikEzr3kw,https://lacrosse.labradorsports.com/play?l=GiBKPnVseukmrnU5ZAeC,,,
Follow The Leader Dodging,"pp-settled-offense,pp-offensive-transition,pp-clearing",Skill Drills,,Offense - Beginner - Intermediate - Advanced - React-and-React - Small Group (2-8),https://lacrosse.labradorsports.com/play?l=70nM7HRaSJD2bjk84fgJ,,,,
Full Field Build Up,"pp-offensive-transition,pp-settled-offense,pp-settled-defense,pp-transition-defense,",Team Drills,https://vimeo.com/1092026269,,https://lacrosse.labradorsports.com/play?l=UCI1BELb8wSNlizj4MbU,,,,
Full Field Riding and Transition Offense Drill,"pp-offensive-transition,pp-settled-offense,pp-settled-defense,pp-transition-defense,pp-clearing,RD",Team Drills,,,https://lacrosse.labradorsports.com/play?l=SbawVgAJg8Dy3wvCWH3s,,,,
Gauge Distance Footwork Drill,"pp-settled-defense,pp-transition-defense,RD",Skill Drills,,Defense - Intermediate - Advanced - Beginner - Stick-Work - Individual (1),https://lacrosse.labradorsports.com/play?l=biw16TmnmADUkgLDxuKn,,,,
General Drill,"pp-settled-offense,pp-settled-defense,pp-offensive-transition,pp-transition-defense",1v1 Drills,https://vimeo.com/1081206744,,https://lacrosse.labradorsports.com/play?l=n0KAJg7Zi6abcC7oZWdk,https://lacrosse.labradorsports.com/play?l=n0KAJg7Zi6abcC7oZWdk,,,
Half Field 2v1’s,"pp-offensive-transition,pp-transition-defense",Team Drills,,React-and-React - Stick-Work - Small Group (2-8) - Whole Unit (8+) - Beginner - Intermediate,https://lacrosse.labradorsports.com/play?l=mNBfTEGt8serIiY0FVFH,,,,
Half Field 4v3’s,"pp-offensive-transition,pp-transition-defense",Team Drills,,Offense - Defense - Beginner - Intermediate - Advanced - React-and-React - Whole Unit (8+),https://lacrosse.labradorsports.com/play?l=ulj8s4UxpmhfkjpXen8p,,,,
Hawk Approach Drill,"pp-settled-defense,pp-transition-defense,RD",Skill Drills,,Small Group (2-8) - Defense,https://lacrosse.labradorsports.com/play?l=obpK0fbPBb8t99rfZoUf,,,,
Head Man Passing,pp-clearing,Skill Drills,https://vimeo.com/1078534096,,https://lacrosse.labradorsports.com/play?l=i0r2sxoYqhgNaZriDyeu,https://lacrosse.labradorsports.com/play?l=u3iFGwB11vC8H9ja1git,https://lacrosse.labradorsports.com/play?l=XMsQ8ZRspNYTNSO1MAcP,,
Horseshoe 2v1’s,"pp-offensive-transition,pp-transition-defense",Team Drills,,Beginner - Intermediate - Advanced - React-and-React - Whole Unit (8+) - Small Group (2-8),https://lacrosse.labradorsports.com/play?l=RGdiuWjFuYwxrIFb9wsR,,,,
I Passing,"pp-settled-offense,pp-offensive-transition,pp-clearing",Skill Drills,https://vimeo.com/1092025738,,https://lacrosse.labradorsports.com/play?l=dR8Fkb6PYHnTHvDywI37,https://lacrosse.labradorsports.com/play?l=aEVb7Q0slREq7lXfbuYz,https://lacrosse.labradorsports.com/play?l=ja1PJ28N9NQKybUR0QRq,https://lacrosse.labradorsports.com/play?l=ZYmy7bZ5PyLudsRAw2PD,https://lacrosse.labradorsports.com/play?l=nruWJIm79NrBRGDEUSE3
In and Out Ground Balls,pp-ground-ball,Team Drills,,,https://lacrosse.labradorsports.com/play?l=WnuKsb5f4wHRtnRwiMhI,,,,
Island 1v1's,"pp-settled-offense,pp-settled-defense",1v1 Drills,https://vimeo.com/1092025702,,https://lacrosse.labradorsports.com/play?l=B1CnJdu5OhemsFObMRKC,,,,
Lafayette Dodging Tree Drill,"pp-settled-offense,pp-offensive-transition,pp-clearing",Skill Drills,,Offense - Beginner - Intermediate - Advanced - Small Group (2-8) - Stick-Work,https://lacrosse.labradorsports.com/play?l=UPSZmSIOn02FUDiE4Z5R,,,,
Landmark Drill,pp-settled-defense,Concept Drills ,,Defense - Intermediate - Beginner - Advanced - Small Group (2-8) - Whole Unit (8+),https://lacrosse.labradorsports.com/play?l=EApkvTnEnfVmVsyptrZB,,,,
Line Bump Drill,pp-settled-defense,Concept Drills ,https://vimeo.com/181826603,Defense - Beginner - Intermediate - React-and-React - Small Group (2-8),https://lacrosse.labradorsports.com/play?l=dLMku4yMkscZ56ctmqEQ,https://lacrosse.labradorsports.com/play?l=dlERYYoXuVTZtZlMyF57,,,
Mammoth Shooting Drill,,,https://vimeo.com/1092025297,,,,,,
Meatloaf Passing Drill,"pp-settled-offense,pp-offensive-transition,pp-clearing",Skill Drills,,Intermediate - Stick-Work - Whole Unit (8+),https://lacrosse.labradorsports.com/play?l=9YIkRsasUmvfUYRLvfkJ,,,,
Michigan Beilin Drill,"pp-settled-offense,pp-offensive-transition,pp-clearing",Skill Drills,,Transition - Stick-Work - Whole Unit (8+) - Intermediate - Advanced,https://lacrosse.labradorsports.com/play?l=5OYSbSjyFAFNJgEGSSjf,,,,
Montreal Passing and Finishing,"pp-settled-offense,pp-offensive-transition,pp-clearing",Skill Drills,,Small Group (2-8) - Intermediate - Stick-Work,https://lacrosse.labradorsports.com/play?l=9Imz4rLFM42YED9E2JXA,,,,
Montreal Passing and Finishing From Both Sides,"pp-settled-offense,pp-offensive-transition,pp-clearing",Skill Drills,,Small Group (2-8) - Intermediate - Stick-Work,https://lacrosse.labradorsports.com/play?l=1nsEScLN315qrZ2juOwn,,,,
Navy 1v1’s,"pp-settled-offense,pp-settled-defense",1v1 Drills,,React-and-React - Intermediate - Advanced - Small Group (2-8) - Offense - Defense,https://lacrosse.labradorsports.com/play?l=hTlKrEcvvGU2FBjHDB9y,,,,
O,"pp-offensive-transition,pp-transition-defense",Team Drills,,Intermediate - React-and-React - Small Group (2-8) - Whole Unit (8+),https://lacrosse.labradorsports.com/play?l=w7VRTSZvvEuhCkv6xEnK,,,,
Over Passes,pp-clearing,Skill Drills,,Intermediate - Beginner - Stick-Work - Small Group (2-8),https://lacrosse.labradorsports.com/play?l=APjzx8Ff9FndR2WRALWb,https://lacrosse.labradorsports.com/play?l=7tIhM8oXdxpctvI96QwN,,,
Partner Passing,"pp-settled-offense,pp-offensive-transition,pp-clearing",Skill Drills,https://vimeo.com/1078459069,Beginner - Stick-Work - Small Group (2-8),https://lacrosse.labradorsports.com/play?l=Bt5EeTpNRMvsWNovk7XV,https://lacrosse.labradorsports.com/play?l=3IqzUT6sJTmZ6lhFj8wd,https://lacrosse.labradorsports.com/play?l=yJBvMNZ0HGVZV88cyTyh,https://lacrosse.labradorsports.com/play?l=yWJESmoXp1JCR1SiizAg,https://lacrosse.labradorsports.com/play?l=dY87pCzRasaT5lAtxcBF
Plus 1 Ground Balls,"pp-ground-ball,pp-offensive-transition,pp-transition-defense",Team Drills,https://vimeo.com/1092018863,Beginner - Stick-Work - Transition,https://lacrosse.labradorsports.com/play?l=Sm8Ygtml3nHZODjBwY1O,https://lacrosse.labradorsports.com/play?l=4miRP41KI866vbnRGeI0,,,
Point of Contact Sliding Drill,pp-settled-defense,Concept Drills ,,Defense - Intermediate - Beginner - Advanced - Small Group (2-8),https://lacrosse.labradorsports.com/play?l=kkVHI3EPhmlLFwi8TfMm,https://lacrosse.labradorsports.com/play?l=b1MGo23iZeIyFvEUJAsc,,,
Pressure Release GB’s 2v2 to 3v2,"pp-settled-offense,pp-settled-defense,pp-offensive-transition,pp-transition-defense",Team Drills,,,https://lacrosse.labradorsports.com/play?l=7wmLojQmw25q8A24M0EP,,,,
Princeton Full Field 5v4's,"pp-offensive-transition,pp-transition-defense",Team Drills,,Advanced - Transition - Whole Unit (8+),https://lacrosse.labradorsports.com/play?l=BMbKGcFP7ns0tUtecN3U,,,,
Reaction Drill to GB,"pp-settled-defense,pp-transition-defense,RD",Skill Drills,,Defense - Intermediate - Advanced - React-and-React - Small Group (2-8),https://lacrosse.labradorsports.com/play?l=hzCKf8WIZlVjHis2apHE,,,,
Richmond Attack Shooting,"pp-settled-offense,pp-offensive-transition",Skill Drills,,Intermediate - Stick-Work - Small Group (2-8) - Offense,https://lacrosse.labradorsports.com/play?l=MjtHgyFyRBzOWf3Wcmif,,,,
Richmond Midfield Shooting,"pp-settled-offense,pp-offensive-transition",Skill Drills,,Offense - Intermediate - Stick-Work - Small Group (2-8),https://lacrosse.labradorsports.com/play?l=akOQfR7Aydf18VLBJq4I,,,,
Saints Passing,"pp-settled-offense,pp-offensive-transition,pp-clearing",Skill Drills,https://vimeo.com/180762454,,https://lacrosse.labradorsports.com/play?l=krTloU4ondEbmSyg5ugH,https://lacrosse.labradorsports.com/play?l=FOljsBQYpIfuHtp8ergu,,,
Salisbury Call Drill,pp-settled-defense,Concept Drills ,https://vimeo.com/1078459726,Defense - Intermediate - Advanced - Small Group (2-8) - Whole Unit (8+),https://lacrosse.labradorsports.com/play?l=ZZcLWs5YswNP0dUvs7Mh,https://lacrosse.labradorsports.com/play?l=kP2MSDiOGdHWvSjSr5YE,https://lacrosse.labradorsports.com/play?l=kP2MSDiOGdHWvSjSr5YE,,
Salmon Bellies Finishing,"pp-settled-offense,pp-offensive-transition",Skill Drills,https://vimeo.com/1081205239,,https://lacrosse.labradorsports.com/play?l=4VaFij1LOrHrH28eph89,,,,
Shedding Point of Contact Sliding Drill,pp-settled-defense,Concept Drills ,,Defense - Intermediate - Beginner - Advanced - Small Group (2-8),https://lacrosse.labradorsports.com/play?l=CEj5gC24a9194o4HGcM1,,,,
Short 1v1's,"pp-settled-offense,pp-settled-defense",1v1 Drills,https://vimeo.com/1078533920,,https://lacrosse.labradorsports.com/play?l=qR2EL1UjiWNiDsSG8rjg,,,,
Side 4v4’s,"pp-settled-offense,pp-settled-defense",Team Drills,,Defense - Offense - Intermediate - Whole Unit (8+),https://lacrosse.labradorsports.com/play?l=LnsAxIS4Pd2NZYnDuHKd,,,,
Side to Side Continuous 2v2’s,"pp-offensive-transition,pp-transition-defense",Team Drills,,Beginner - Intermediate - Advanced - React-and-React - Small Group (2-8) - Whole Unit (8+),https://lacrosse.labradorsports.com/play?l=W5Qjt2HDgtLKo18BEgvs,,,,
Sideways 3v2's,"pp-offensive-transition,pp-transition-defense",Team Drills,https://vimeo.com/1078533638,Offense - Defense - Beginner - Intermediate - Advanced - React-and-React - Whole Unit (8+),https://lacrosse.labradorsports.com/play?l=w4jK83xPCVXoGHAUgCtB,,,,
Sideways West Genny,"pp-offensive-transition,pp-transition-defense",Team Drills,https://vimeo.com/1078533638,Intermediate - Advanced - React-and-React - Whole Unit (8+),https://lacrosse.labradorsports.com/play?l=543BMUi62qQiaNgami2O,,,,
Single Ball Spike Stickwork and Passing,"pp-settled-offense,pp-offensive-transition",Skill Drills,,Intermediate - Stick-Work - Whole Unit (8+),https://lacrosse.labradorsports.com/play?l=rBwwnIwYmU6pfDXEb386,,,,
Slugger Drill (Hofstra),"pp-offensive-transition,pp-transition-defense,RD,pp-clearing",Team Drills,,Offense - Defense - Advanced - Transition - Read-and-React - Whole Unit (8+),https://lacrosse.labradorsports.com/play?l=Adc957GgswYCf7KkvKPh,,,,
Small Space 1v1’s for Zone Offense,"pp-settled-offense,pp-settled-defense",1v1 Drills,,Offense - Defense - Intermediate - Read-and-React - Small Group (2-8) - Whole Unit (8+),https://lacrosse.labradorsports.com/play?l=wtrvHGUj9epECgeOjWOm,,,,
Spike Stickwork and Passing,"pp-settled-offense,pp-offensive-transition",Skill Drills,https://vimeo.com/1078533886,Intermediate - Stick-Work - Whole Unit (8+),https://lacrosse.labradorsports.com/play?l=le3zzhE37EVLp2kfm2uO,https://lacrosse.labradorsports.com/play?l=Dds5renymVgxGen6u4xO,https://lacrosse.labradorsports.com/play?l=qrp0ZdyBfemPkhFuoliQ,,
Square 1v1's,"pp-settled-offense,pp-settled-defense",1v1 Drills,,,https://lacrosse.labradorsports.com/play?l=adAtpuM4cuRaROeQOQlV,,,,
Square Throw Back Drill,"pp-settled-offense,pp-offensive-transition,pp-clearing",Skill Drills,,Intermediate - Stick-Work - Small Group (2-8),https://lacrosse.labradorsports.com/play?l=kSu5quULmgy6Nd7G3oNT,,,,
Stair Approaches,"pp-settled-defense,pp-transition-defense,RD",Skill Drills,,Defense - Beginner - Intermediate - Individual (1),https://lacrosse.labradorsports.com/play?l=1k353UKAsVNMK8PIjIBk,,,,
Star Drill,"pp-settled-offense,pp-offensive-transition,pp-clearing",Skill Drills,https://vimeo.com/1092030965,,https://lacrosse.labradorsports.com/play?l=qrp0ZdyBfemPkhFuoliQ,,,,
Static 4v3’s,"pp-offensive-transition,pp-transition-defense",Team Drills,,Offense - Defense - Beginner - Intermediate - Advanced - React-and-React - Whole Unit (8+),https://lacrosse.labradorsports.com/play?l=jF0DWQxfoz5znHD8saY1,,,,
Steal The Bacon,"pp-offensive-transition,pp-transition-defense",Team Drills,,Beginner - Whole Unit (8+),https://lacrosse.labradorsports.com/play?l=qw0jCjgnyaFq2KO7wCHI,,,,
The Best Game Ever,"pp-offensive-transition,pp-transition-defense,pp-clearing",Team Drills,,Intermediate - Transition - Whole Unit (8+),https://lacrosse.labradorsports.com/play?l=0zvSfaocyfDARpL34ExX,,,,
Triangle Approach Drill,"pp-settled-defense,pp-transition-defense,RD",Skill Drills,https://vimeo.com/1092030895,Beginner - Defense - React-and-React - Small Group (2-8),https://lacrosse.labradorsports.com/play?l=gGKBrlpMpy84Q2fZO1Ed,,,,
Triangle Show Drill,pp-settled-defense,Concept Drills ,https://vimeo.com/180762665,Beginner - Intermediate - React-and-React - Small Group (2-8) - Whole Unit (8+),https://lacrosse.labradorsports.com/play?l=Ki2Gg5GHLYj8dW4g6YS5,https://lacrosse.labradorsports.com/play?l=Ki2Gg5GHLYj8dW4g6YS5,,,
UNC Dog Drill 5v4's,"pp-offensive-transition,pp-transition-defense",Team Drills,,Advanced - Transition - Whole Unit (8+),https://lacrosse.labradorsports.com/play?l=44uSUkTCMbkP4QGSYTwF,,,,
Umbrella Approaches,pp-settled-defense,Skill Drills,,Individual (1) - Beginner,https://lacrosse.labradorsports.com/play?l=hzCKf8WIZlVjHis2apHE,,,,
Uneven Half Field Build Up,"pp-offensive-transition,pp-transition-defense",Team Drills,,,https://lacrosse.labradorsports.com/play?l=TkNFP6E1VfPlFB9X3CFX,,,,
Up and Out Clear Passing,pp-clearing,Skill Drills,,Clear - Beginner - Stick-Work - Small Group (2-8),https://lacrosse.labradorsports.com/play?l=k080GNdfmfwcDgTyTTdA,,,,
West Genny,"pp-offensive-transition,pp-transition-defense",Team Drills,https://vimeo.com/1092030446,Intermediate - Advanced - Transition - React-and-React - Whole Unit (8+),https://lacrosse.labradorsports.com/play?l=uNzw08qn8R2dA4Q5Lz7u,https://lacrosse.labradorsports.com/play?l=qIUtwJEYPT3Dljx5mJbz,https://lacrosse.labradorsports.com/play?l=aOoybXTEPqZNuxXYdKIQ,https://lacrosse.labradorsports.com/play?l=aOoybXTEPqZNuxXYdKIQ,
Wind Up 1v1's,"pp-settled-offense,pp-settled-defense",1v1 Drills,https://vimeo.com/1092030158,,https://lacrosse.labradorsports.com/play?l=5nPwa92wVcTKWlvEBkb9,,,,