id,strategy_id,name,,Content,type,category,,,,,4_See_N_Do_It,5_Coach_It,6_Own_It,7_PDF,8_Target_Audience,9_Lesson_Category,Playbook ,Vimeo ID,,Featured image
,,1-4-1 Double Mumbo to Weave Set Play,3,"The lacrosse strategy involves executing the 141 double Mumbo that everyone loves but adds a weave motion over the top, using coordinated picks and player movements to disorient the defense and create multiple scoring opportunities. This approach emphasizes teamwork, timing, and precise execution to exploit defensive weaknesses and generate advantageous situations for attackers.",offense;set-plays,,,,,,09-10,09-14,13-14,pdf_yes,coaches,coaches_corner,https://powlax.com/mp-files/1-4-1-double-mumbo-to-weave-set-play.pdf/,1092018820,[mpdl-file-link file_id=19588],https://powlax.com/wp-content/uploads/2024/02/1-4-1-Double-Mumbo-to-Weave-1.webp
,,1-4-1 Offense vs Zone Defense,1,We discuss the reasons why the 1-4-1 Offense is a great option to attack a zone defense with.,offense,,,,,,09-10,11-14,13-14,pdf_yes,coaches,coaches_corner,https://powlax.com/mp-files/how-to-beat-zone-defense-lacrosse-coaching-zone-offense-powlax.pdf/,1092018776,[mpdl-file-link file_id=9576],https://powlax.com/wp-content/uploads/2022/07/9C9B48F7-7A3C-40AB-9585-1A8DE6B1ED53.webp
,,1-4-1 Shifted Triangles Motion Offense,4,"This lacrosse strategy involves a dynamic 141 offense derived from the traditional 2112 motion offense, focusing on player movement, positioning, and coordinated dodging to create scoring opportunities. It emphasizes a push-pull motion for ball handlers, strategic positioning for off-ball players, and quick adaptation to defensive actions to maintain offensive advantage and exploit weaknesses.",,,,,,,,,,pdf_yes,,coaches_corner,https://powlax.com/mp-files/1-4-1-shifted-triangles-motion-offense-lacrosse-powlax.pdf/,1081201074,[mpdl-file-link file_id=19663],https://powlax.com/wp-content/uploads/2024/02/1-4-1-Double-Mumbo-to-Weave-1.webp
,,1-4-1 Wing Pairs Offense,6,1-4-1 Wing Pairs Offense. The first of 3 parts of the Penn State Offense<br>,offense,,,,,,09-14,11-14,13-14,pdf_yes,coaches,coaches_corner,https://powlax.com/mp-files/penn-state-offense-pdf-lacrosse-powlax.pdf/,1078452306,[mpdl-file-link file_id=886],https://powlax.com/wp-content/uploads/2020/08/14-Wing-Pairs-Offense-Penn-State-Lacrosse-POWLAX.webp
,,10 Man Ride,82,"How to implement the 10 Man Ride used by Virginia, Bucknell, UNC, Loyola, Boston, Michigan, and More!",riding,,,,,,09-14,13-14,13-14,pdf_yes,coaches,coaches_corner,https://powlax.com/mp-files/10-man-ride-pdf-lacrosse-powlax.pdf/,1092018578,[mpdl-file-link file_id=1257],https://powlax.com/wp-content/uploads/2020/08/10-Man-Ride-Lacrosse-POWLAX.webp
,,14 Carry Step off Man Up,2,"This simple and adaptable Man Up Motion is used to create shooting opportunities by attacking the gaps of zone defense or making a man to man defense rotate further than expected. It also focuses on allowing players to play and make reads, rather than running set plays every time.",man-up,,,,,,09-14,13-14,13-14,pdf_yes,coaches,coaches_corner,https://powlax.com/mp-files/1-4-1-carry-step-off-man-up-pdf-lacrosse-powlax.pdf/,1078533930,[mpdl-file-link file_id=1111],https://powlax.com/wp-content/uploads/2020/08/14-Carry-Step-Off-Man-Up-Lacrosse-POWLAX.webp;https://powlax.com/wp-content/uploads/2020/08/14-Carry-Step-Off-Man-Up-Lacrosse-POWLAX-1.webp
,,14 Double Mumbo Set Play,160,This play is designed to give your best shooters a step-down shot from 8-10 yards.,,,,,,,,,,pdf_yes,,coaches_corner,https://powlax.com/mp-files/141-double-mumbo-set-play-pdf-lacrosse-powlax.pdf/,1078533553,[mpdl-file-link file_id=1315],https://powlax.com/wp-content/uploads/2020/08/14-Double-Mumbo-Youtube-3.webp;https://powlax.com/wp-content/uploads/2020/08/14-Double-Mumbo-Youtube-3-1.webp
,,14 Double Mumbo Set Play,184,Offensive Set Play from the 1-4-1 Set.,offense;set-plays,,,,,,09-10,11-14,13-14,pdf_yes,coaches,coaches_corner,https://powlax.com/mp-files/141-double-mumbo-set-play-pdf-lacrosse-powlax.pdf/,1078452290,,
,,1v1 Ground Balls to Give and Go,72,"The 1v1 Ground Ball to Give and Go drill focuses on enhancing players&#8217;ground ball skills, dodging abilities, and defensive techniques in a competitive setting. It is a great drill to incorporate for pregame warm ups.",,1-v-1-competition,,,,,06-08,09-12,11-12,pdf_yes,coaches,coaches_corner,https://powlax.com/mp-files/1v1-ground-balls-to-give-and-go-lacrosse-powlax.pdf/,1092018543,[mpdl-file-link file_id=1241],https://powlax.com/wp-content/uploads/2024/01/Ground-Balls-to-a-Give-and-Go-Thumbnail-1.webp
,,2 Ball Reaction Drill,7,"The 2-Ball Reaction Drill is an excellent drill for training change of direction footwork, first-time ground balls, and outlet passes!",,skill-drill,,,,,06-08,09-12,11-12,pdf_yes,coaches,coaches_corner,https://powlax.com/mp-files/2-ball-defensive-reaction-drill-defensive-footwork-drill.pdf/,1092018517,[mpdl-file-link file_id=889],https://powlax.com/wp-content/uploads/2024/04/2-Ball-Reaction-Drill-Lacrosse-POWLAX.png
,,2 Man Game,67,This is an in-depth hour and 50 minute video going over all of the ways to execute and defend two men games. It is the large video that all of the others break into components with.,offense; 2-man-game,,,,,,09-14,11-14,13-14,pdf_yes,coaches,coaches_corner,https://powlax.com/mp-files/2-man-game-pdf.pdf/,1092017934,[mpdl-file-link file_id=1233],https://powlax.com/wp-content/uploads/2020/08/2-Man-Games-Lacrosse-POWLAX-1.webp
,,2 Man Game - Ball Carrier Options,8,2 Man Games are all about decision making. In this video we discuss the decision making options from a ball carrier perspective.,offense,,,,,,06-08,09-14,13-14,pdf_yes,coaches,coaches_corner,https://powlax.com/mp-files/2-man-game-pdf.pdf/,1081201083,[mpdl-file-link file_id=959],https://powlax.com/wp-content/uploads/2020/08/2-Man-Games-Ball-Carrier-Options.webp
,,2 Man Game - Off Ball Options,9,"2 Man Games are all about decision making. In this video, we discuss the decision making options from an off-ball player perspective.",2-man-game,gameplay-concept,,,,,09-12,09-14,13-14,pdf_yes,coaches,coaches_corner,https://powlax.com/mp-files/2-man-game-pdf.pdf/,1081201079,[mpdl-file-link file_id=995],https://powlax.com/wp-content/uploads/2020/08/2-Man-Games-Off-Ball-Options-Lacrosse-POWLAX.webp
,,2 Man Game - Pick Locations,105,An overview of how the location of picks can change the way picks work.,offense,,,,,,06-08,09-14,13-14,pdf_yes,coaches,coaches_corner,https://powlax.com/mp-files/2-man-game-pdf.pdf/,1092017852,[mpdl-file-link file_id=1303],https://powlax.com/wp-content/uploads/2020/08/Pick-Locations-Lacrosse-POWLAX.webp
,,2 Man Game - The Perfect Pick,137,An overview of how we want players to set the Perfect Pick.,offense,,,,,,06-08,09-14,13-14,pdf_yes,coaches,coaches_corner,https://powlax.com/mp-files/2-man-game-pdf.pdf/,1092017785,[mpdl-file-link file_id=1247],https://powlax.com/wp-content/uploads/2020/08/The-Perfect-Pick-Lacrosse-POWLAX.webp
,,2 Men Down,10,A look into defending when you are down 2 Men.,defense; man-down,,,,,,13-14,13-14,15-18,pdf_yes,coaches,coaches_corner,https://powlax.com/mp-files/a-complete-guide-to-man-down-defense-lacrosse-powlax.pdf/,1081201076,[mpdl-file-link file_id=1003],https://powlax.com/wp-content/uploads/2020/12/2-Men-Down-Man-Down-Defense-Lacrosse-POWLAX.webp;https://powlax.com/wp-content/uploads/2020/12/4-Man-Rotation-Man-Down-Defense-Lacrosse-POWLAX.webp;https://powlax.com/wp-content/uploads/2020/12/5-Man-Rotation-Man-Down-Defense-Lacrosse-POWLAX.webp;https://powlax.com/wp-content/uploads/2020/12/Box-and-1-Man-Down-Defense-Lacrosse-POWLAX.webp;https://powlax.com/wp-content/uploads/2020/12/Box-and-Surprise-Lock-Man-Down-Defense-Lacrosse-POWLAX.webp;https://powlax.com/wp-content/uploads/2020/12/Dukes-Hybrid-Man-Down-Defense-Lacrosse-POWLAX.webp;https://powlax.com/wp-content/uploads/2020/12/House-Man-Down-Defense-Lacrosse-POWLAX.webp;https://powlax.com/wp-content/uploads/2020/12/Jumping-The-Ball-Man-Down-Defense-Lacrosse-POWLAX.webp;https://powlax.com/wp-content/uploads/2020/12/Man-Down-Clear-Lacrosse-POWLAX.webp;https://powlax.com/wp-content/uploads/2020/12/Man-Down-Face-Off-Lacrosse-POWLAX.webp;https://powlax.com/wp-content/uploads/2020/12/Man-Down-Restart-Trick-Plays-Short-Lacrosse-POWLAX.webp
,,2-3-2 Clear,11,The 2-3-2 clear is the new standard clear in college lacrosse because of it&#8217;s innovative subbing pattern and incredible ability to spread the field to beat even the toughest rides!,clearing,,,,,,09-14,11-14,13-14,pdf_yes,coaches,coaches_corner,https://powlax.com/mp-files/2-3-2-clear-pdf-lacrosse-powlax.pdf/,1092017597,[mpdl-file-link file_id=1115],https://powlax.com/wp-content/uploads/2020/08/2-3-2-Clear-POWLAX-Lacrosse-1-1.webp
,,21 12 Motion Offense Modification,185,Explainer video about a modification to the original 21-12 Motion Offense video,offense;motion-offense,,,,,,09-10,09-14,13-14,pdf_yes,coaches,coaches_corner,https://powlax.com/mp-files/141-double-mumbo-set-play-pdf-lacrosse-powlax.pdf/,1078452331,,
,,21-12 Motion Offense,13,"21-12 is an offensive concept that combines 4 widely used traditional offensive sets (2-2-2, 2-3-1, 1-3-2, and Open) into a single concept that is easy for players to understand and allows coaches to train and modify quickly with small sided 3 Man games and motions.",offense; motion-offense,,,,,,09-14,09-14,13-14,pdf_yes,coaches,coaches_corner,https://powlax.com/mp-files/21-12-motion-offense-pdf-lacrosse-powlax.pdf/,193424879,[mpdl-file-link file_id=1079],https://powlax.com/wp-content/uploads/2020/08/21-12-Motion-Offense-Lacrosse-POWLAX.webp;https://powlax.com/wp-content/uploads/2020/08/Certify-YourselfTeam-with-POWLAX-Courses.webp
,,21-12 Motion Offense in 5 Minutes,183,"Shortened version of the 21-12 Motion Offense - This has the correct ideas, but is short and not explanatory enough.",offense;motion-offense,,,,,,09-10,09-14,13-14,pdf_yes,coaches,coaches_corner,https://powlax.com/mp-files/21-12-motion-offense-pdf-lacrosse-powlax.pdf/,1078452386,,
,,22 Quick,14,Quick passing + off-ball seal + timed cut = Lots of goals.,offense;man-up;set-plays,,,,,,09-10,11-14,13-14,pdf_yes,coaches,coaches_corner,https://powlax.com/mp-files/22-quick-man-up-play-pdf-lacrosse-pdf.pdf/,1078452455,[mpdl-file-link file_id=1081],https://powlax.com/wp-content/uploads/2020/08/22-Quick-Man-Up-Play-Lacrosse-POWLAX.webp;https://powlax.com/wp-content/uploads/2020/08/22-Quick-Man-Up-Play-Lacrosse-POWLAX-1.webp
,,3 High Pairs Offense,15,Penn State&#8217;s 3 High Pairs Offense,offense,,,,,,06-08,09-14,13-14,pdf_yes,coaches,coaches_corner,https://powlax.com/mp-files/penn-state-offense-pdf-lacrosse-powlax.pdf/,1081201085,[mpdl-file-link file_id=1089],https://powlax.com/wp-content/uploads/2020/08/3-High-Pairs-Offense-Penn-State-Lacrosse-POWLAX.webp
,,3 Man Gears Offense vs Zone Defense,16,The 3 Man Gears Zone Offense is a great option vs a zone. It creates ton of motion for a team that can make great decisions.,offense,,,,,,09-14,13-14,13-14,pdf_yes,coaches,coaches_corner,https://powlax.com/mp-files/how-to-beat-zone-defense-lacrosse-coaching-zone-offense-powlax.pdf/,1092017572,[mpdl-file-link file_id=1092],https://powlax.com/wp-content/uploads/2022/07/EB8CB489-4798-4757-A976-873B66100D52.webp;https://powlax.com/wp-content/uploads/2022/07/F640F4E3-31F8-4C53-AD30-B5414A5A18FE.webp
,,3 Man Passing,17,"3 Man Passing is a great stickwork drill to use during transition-focused practices because it gets the players moving up and down the field, teaches elements of clearing communication, and adds in a bit of hidden conditioning in.",,skill-drill,,,,,06-08,06-08,09-10,pdf_yes,coaches,coaches_corner,https://powlax.com/mp-files/3-man-passing-drill-lacrosse-powlax.pdf/,1078452011,[mpdl-file-link file_id=1098],
,,3-3 4 Man Wheel Man Up Offenses,161,These simple 4 Man Wheels Motions put every Man Down Defense in difficult situations that are easy to read and exploit.,,,,,,,,,,pdf_yes,,coaches_corner,https://powlax.com/mp-files/3-3-4-man-wheel-man-up-pdf-lacrosse-powlax.pdf/,1078452023,[mpdl-file-link file_id=1299],https://powlax.com/wp-content/uploads/2020/08/3-3-4-Man-Wheel-Man-Up-Offense-Lacrosse-POWLAX.webp
,,3-3 Man Up,162,Simple and effective. That&#8217;s what Man Up is all about. This simple Man Up Set will allow your players to make reads on the field and execute with the man advantage.,offense;man-up,,,,,,09-10,09-14,13-14,pdf_yes,coaches,coaches_corner,https://powlax.com/mp-files/3-3-man-up-pdf-lacrosse-powlax.pdf/,1078452051,[mpdl-file-link file_id=1301],https://powlax.com/wp-content/uploads/2020/08/3-3-Man-Up-Lacrosse-POWLAX.webp
,,3-3 Twist,144,Simple and Effective. This man up play exposes the man down defensive strategy and allows your trigger man to read the field and make a variety of passes to open players.,man-up,,,,,,09-14,13-14,13-14,pdf_yes,coaches,coaches_corner,https://powlax.com/mp-files/3-3-twist-man-up-play-pdf-lacrosse-powlax.pdf/,1078459810,[mpdl-file-link file_id=1152],https://powlax.com/wp-content/uploads/2020/08/Twist-Man-Up-Play-Lacrosse-POWLAX.webp
,,"3v0, 3v2, and 3v3 Dodge Follow Float",176,"How to use 3v0, 3v2, and 3v3 Drills to build your offense",offense; motion-offense,gameplay-concept,,,,,06-10,09-12,11-12,pdf_yes,coaches,coaches_corner,https://powlax.com/mp-files/21-12-motion-offense-pdf-lacrosse-powlax.pdf/,179845605,,
,,3v2 to 4v3 Drill,18,Get all your players to play both sides of the ball with this simple modification to 3v2&#8217;s and 4v3&#8217;s.,offense;defense,team-competition,,,,,06-10,09-12,11-12,pdf_yes,coaches,coaches_corner,https://powlax.com/mp-files/3v2-to-4v3-drill-pdf-lacrosse-powlax.pdf/,1078452085,[mpdl-file-link file_id=1100],https://powlax.com/wp-content/uploads/2020/08/3v2s-to-4v3s-Youtube-Final-2.webp
,,4 Man Rotation,20,Offenses with a dangerous inside finisher can be deadly&#8230;Especially man down. The 4 Man Rotation is a Man Down Defensive Strategy that locks off a single player inside and allows the remaining 4 defenseman to rotate to the remaining 5 offensive players.,defense;man-down,,,,,,09-10,09-14,13-14,pdf_yes,coaches,coaches_corner,https://powlax.com/mp-files/man-down-defense-basics-lacrosse-powlax.pdf/,1092017545,[mpdl-file-link file_id=1107],https://powlax.com/wp-content/uploads/2020/08/4-Man-Rotation-Man-Down-Lacrosse-POWLAX.webp
,,4 Man Rotation Man Down Defense,21,This video describes the foreman rotation man down defense,man-down,,,,,,09-14,11-14,13-14,pdf_yes,coaches,coaches_corner,https://powlax.com/mp-files/a-complete-guide-to-man-down-defense-lacrosse-powlax.pdf/,1078452124,[mpdl-file-link file_id=1092],https://powlax.com/wp-content/uploads/2020/12/4-Man-Rotation-Man-Down-Defense-Lacrosse-POWLAX.webp
,,4-3 Alpha Clear,19,"This is a video about the 43 Alpha clear, the most utilized clear in Lacrosse",clearing,,,,,,09-14,11-14,13-14,pdf_yes,coaches,coaches_corner,https://powlax.com/mp-files/4-3-alpha-clear-lacrosse-powlax.pdf/,1078452091,[mpdl-file-link file_id=1102],https://powlax.com/wp-content/uploads/2020/08/4-3-Alpha-Clear-Lacrosse-POWLAX-scaled.webp
,,4-3 Clear,22,This video describes the 43 clear which is characterized by four players across the midline and three players building the base of the clear with the defenseman goalie and defense,clearing,,,,,,06-08,09-12,11-12,,coaches,coaches_corner,,1078452202,[mpdl-file-link file_id=1118],https://powlax.com/wp-content/uploads/2020/08/4-3-Clear-Lacrosse-POWLAX.webp
,,5 Keys to Picking and Building Lacrosse Drills,180,Learning how to pick the drills you want,,,,,,,06-08,06-18,15-18,,coaches,coaches_corner,,180943227,,
,,5 Man Rotation,23,"The 5 Man Rotation is a true Man to Man Defense minus the penalized player. The deficit of the penalized player puts the defense in a constant state of recovery, but the priority of getting to the hands of the ball carrier and adjacents is emphasized.",defense; man-down,,,,,,09-14,13-14,13-14,pdf_yes,coaches,coaches_corner,https://powlax.com/mp-files/man-down-defense-basics-lacrosse-powlax.pdf/,1092017507,[mpdl-file-link file_id=1146],https://powlax.com/wp-content/uploads/2020/08/5-Man-Rotation-Man-Down-Lacrosse-POWLAX.webp
,,5 Man Rotation Man Down Defense,24,The 5 Man Rotation is the base man to man MDD.,defense; man-down,,,,,,09-14,13-14,13-14,pdf_yes,coaches,coaches_corner,https://powlax.com/mp-files/a-complete-guide-to-man-down-defense-lacrosse-powlax.pdf/,1078533442,[mpdl-file-link file_id=1148],https://powlax.com/wp-content/uploads/2020/12/5-Man-Rotation-Man-Down-Defense-Lacrosse-POWLAX.webp
,,5 On a Die Drill,25,5 on a Die Drill breaks down the assignments and roles of any man to man defense allowing players to get a greater understanding of slide and recovery principles.,defense,skill-drill,,,,,06-08,09-14,13-14,pdf_yes,coaches,coaches_corner,https://powlax.com/mp-files/5-on-a-die-drill-slide-and-recover-drill-pdf-lacrosse-pdf.pdf/,1078459413,[mpdl-file-link file_id=1150],https://powlax.com/wp-content/uploads/2020/08/5-On-a-Die-Drill-Lacrosse-POWLAX-scaled.webp
,,5v4 Continuous Keep Away,26,Keep away drills are a fun and fast-paced way to warm players up while maintaining their read and react principles.,offense;defense,team-competition,,,,,06-08,09-12,11-12,pdf_yes,coaches,coaches_corner,https://powlax.com/mp-files/5v4-keep-away-lacrosse-powlax.pdf/,1081201100,[mpdl-file-link file_id=1152],https://powlax.com/wp-content/uploads/2022/02/5v4-Continuous-Keep-Away-Lacrosse-POWLAX.webp
,,7v7 Up Pick Nations,27,Another great box play/concept to use in your 7v7 and 10v10 offenses.,offense;set-plays,,,,,,09-10,11-14,13-14,pdf_yes,coaches,coaches_corner,https://powlax.com/mp-files/7v7-up-pick-nations-pdf-lacrosse-powlax.pdf/,1078452247,[mpdl-file-link file_id=1154],https://powlax.com/wp-content/uploads/2020/08/7v7-Up-Pick-Nations-Youtube-Final-2.webp
,,7v7 Y Offense,28,Keep things simple in your 7v7 Tournaments with the 4v4 Y-Offense.,offense,,,,,,09-10,09-14,13-14,pdf_yes,coaches,coaches_corner,https://powlax.com/mp-files/7v7-y-offense-pdf-lacrosse-powlax.pdf/,1078452274,[mpdl-file-link file_id=1156],https://powlax.com/wp-content/uploads/2020/08/7v7-Text-Youtube-Final.webp
,,A Complete Guide To Man Down Defense,29,A complete guide to man down defense! This is everything I know about man down defense!,defense; man-down,,,,,,09-14,13-14,13-14,pdf_yes,coaches,coaches_corner,https://powlax.com/mp-files/a-complete-guide-to-man-down-defense-lacrosse-powlax.pdf/,1078452471,[mpdl-file-link file_id=1158],https://powlax.com/wp-content/uploads/2020/09/A-Complete-Guide-to-Man-Down-Defense-1.webp
,,Adjacent Slide Basics,30,An introduction to the concepts of man to man defense and the basic philosophy of an adjacent slide defense.,defense,,,,,,09-10,11-14,13-14,pdf_yes,coaches,coaches_corner,https://powlax.com/mp-files/adjacent-slide-basics-lacrosse-powlax.pdf/,1078452523,[mpdl-file-link file_id=1160],https://powlax.com/wp-content/uploads/2020/08/Adjacent-Slide-Basics-Lacrosse-POWLAX-scaled.webp
,,Attacking Gaps and Softspots vs Zone Defense,70,This is one of the ways to beat zone defense,offense,,,,,,09-10,11-14,13-14,pdf_yes,coaches,coaches_corner,https://powlax.com/mp-files/how-to-beat-zone-defense-lacrosse-coaching-zone-offense-powlax.pdf/,1081206830,[mpdl-file-link file_id=1237],https://powlax.com/wp-content/uploads/2022/02/How-to-Beat-Zone-Defense-Lacrosse-Coaching-Zone-Offense-POWLAX.webp;https://powlax.com/wp-content/uploads/2022/07/9B07A13B-9E30-48BD-90DE-CB2F5016F70B-e1658347862263.webp
,,Basics of Individual Defensive Play in Lacrosse,32,Individual Defensive Play and Basics in Lacrosse! An overview of individual defensive play and basics in lacrosse. A video addition to “The Player and Parents Guide to Lacrosse&#8221;by Patrick Chapla.,defense,,,,,,06-08,09-12,13-14,,coaches,coaches_corner,,1078452551,[mpdl-file-link file_id=1164],https://powlax.com/wp-content/uploads/2022/11/The-basics-of-individual-defense.png
,,Beat Your Man and Score vs Zone Defense,33,This is a video about the benefits of dodging and beating your man when playing against a zone defense,offense,,,,,,09-10,11-14,13-14,pdf_yes,coaches,coaches_corner,https://powlax.com/mp-files/how-to-beat-zone-defense-lacrosse-coaching-zone-offense-powlax.pdf/,1092027232,[mpdl-file-link file_id=1166],https://powlax.com/wp-content/uploads/2022/07/AB71609A-551C-4B37-81FD-CCD857A7CD0C-e1658347823645.webp
,,Best Drills and Games for Gym Practice,179,Many Drills for Gym Practices,,,,,,,06-08,06-14,13-14,,coaches,coaches_corner,,1078452562,,
,,Big Little Picks,186,Explainer video of Big Little Pick Concept within 2 Man Games,offense,,,,,,09-10,09-12,11-12,pdf_yes,coaches,coaches_corner,https://powlax.com/mp-files/21-12-motion-offense-pdf-lacrosse-powlax.pdf/,1078452637,,
,,Bling Bling Shooting Drill,35,Bling Bling Shooting is a simple dodging and shooting drill that you can use to train a large group of players a plethora of shooting and dodging tactics.,,skill-drill,,,,,06-08,06-14,13-14,pdf_yes,coaches,coaches_corner,https://powlax.com/mp-files/bling-bling-shooting-drill-lacrosse-powlax.pdf/,1078452651,[mpdl-file-link file_id=1170],https://powlax.com/wp-content/uploads/2024/03/Bling-Bling-Shooting-_-Lacrosse-_-POWLAX.png
,,Box and 1 Zone Man Down Defense,36,The Box and 1 is an extremely popular introductory man down defense to start teams off with.,defense;man-down,,,,,,09-10,11-14,13-14,pdf_yes,coaches,coaches_corner,https://powlax.com/mp-files/a-complete-guide-to-man-down-defense-lacrosse-powlax.pdf/,1078452661,[mpdl-file-link file_id=1172],https://powlax.com/wp-content/uploads/2020/12/Box-and-1-Man-Down-Defense-Lacrosse-POWLAX.webp
,,Box and Suprise Lock Man Down Defense,37,This is one of my new favorite Man Down Defenses. Show your base MDD and then lock with the shorty and play 5v4 with 4 poles!,defense;man-down,,,,,,09-10,09-14,13-14,pdf_yes,coaches,coaches_corner,https://powlax.com/mp-files/a-complete-guide-to-man-down-defense-lacrosse-powlax.pdf/,1078452670,[mpdl-file-link file_id=1174],https://powlax.com/wp-content/uploads/2020/12/Box-and-Surprise-Lock-Man-Down-Defense-Lacrosse-POWLAX.webp
,,Box Lacrosse Transition and Subbing,38,Transition accounts for over 70% of goals! This post will cover everything you need to know to score more and get scored on less!,transition-o-d,,,,,,09-10,11-14,13-14,pdf_yes,coaches,coaches_corner,https://powlax.com/mp-files/box-lacrosse-transition-and-subbing-lacrosse-powlax.pdf/,1081201502,[mpdl-file-link file_id=1176],https://powlax.com/wp-content/uploads/2020/08/Box-Lacrosse-Transition-and-Subbing-Lacrosse-POWLAX.webp
,,Box Man Up Play - Double Picks,39,"These Box Lacrosse Man Up Plays are simple and effective. By setting two picks on a single side of the floor, we take a 3v2 advantage and turn it into a 1v0.",offense;man-up;set-plays,,,,,,09-10,11-14,13-14,pdf_yes,coaches,coaches_corner,https://powlax.com/mp-files/box-man-up-play-double-picks.pdf/,1078452696,[mpdl-file-link file_id=1178],https://powlax.com/wp-content/uploads/2020/08/Box-Man-Up-Plays-Double-Pick-Lacrosse-POWLAX.webp
,,Building Box Picks with 3v0's 3v2's and 3v3's,41,"Continue building box picking concepts with 3v0 &#8211;3v2 &#8211;3v3 Drills. Using the 3v series, we will integrate both sides of the floor and begin to integrate backside defensive play.",offense; 2-man-game,gameplay-concept,,,,,06-10,09-14,13-14,pdf_yes,coaches,coaches_corner,https://powlax.com/mp-files/building-picks-with-3v0s-3v2s-and-3v3s-lacrosse-powlax.pdf/,1078452745,[mpdl-file-link file_id=1182],https://powlax.com/wp-content/uploads/2020/08/Building-Box-Picks-with-3v0-3v2-3v3-Drills-Lacrosse-POWLAX.webp
,,"Building Down Picks with 4v0's, 4v3's, and 4v4's",40,"Pass Down Pick Downs with a Cycle backside create a dynamic offensive flow! Learn how to build this series with 4v0&#8217;s, 4v3&#8217;s, and 4v4&#8217;s!",offense; 2-man-game,gameplay-concept,,,,,06-10,09-12,11-12,pdf_yes,coaches,coaches_corner,https://powlax.com/mp-files/building-down-picks-with-4v0s-4v3s-and-4v4s-box-lacrosse-powlax.pdf/,1078452731,[mpdl-file-link file_id=1180],https://powlax.com/wp-content/uploads/2020/08/Building-Box-Picks-with-4v0-4v3-4v4-Drills-Lacrosse-POWLAX.webp
,,"Building Offense and Defense with 3v0's, 3v2's, and 3v3's",42,The part whole method at work. This video walks through the intricacies of teaching offense and defense from the bottom up!,offense; defense,gameplay-concept,,,,,06-10,09-12,11-12,pdf_yes,coaches,coaches_corner,https://powlax.com/mp-files/building-offense-and-defense-with-3v0s-3v2s-and-3v3s.pdf/,1078533675,[mpdl-file-link file_id=1184],https://powlax.com/wp-content/uploads/2020/08/3v0s-3v2s-and-3v3s-Lacrosse-POWLAX.webp
,,Building Perfect Play Images,43,A tutorial about how I create the play diagrams that I use in my playbook PDFs.,,,,,,,06-08,06-18,15-18,,coaches,coaches_corner,,1092027161,[mpdl-file-link file_id=1186],https://powlax.com/wp-content/uploads/2020/08/Building-Perfect-Playbook-Images-POWLAX.webp
,,"Building Up Picks with 4v0's, 4v3's, and 4v4's",44,"Up Picks with a Cycle backside creates an effective offensive flow and allows players to slip top down towards the goal! Learn how to build this series with 4v0&#8217;s, 4v3&#8217;s, and 4v4&#8217;s!",offense; defense,gameplay-concept,,,,,09-10,11-14,13-14,pdf_yes,coaches,coaches_corner,https://powlax.com/mp-files/building-up-picks-with-4v0s-4v3s-and-4v4s-lacrosse-powlax.pdf/,1081201525,[mpdl-file-link file_id=1189],https://powlax.com/wp-content/uploads/2020/08/Building-Box-Up-Picks-with-4v0-4v3-4v4-Drills-Lacrosse-POWLAX.webp
,,Butt to Butt Ground Balls,175,1v1 Ground Ball Drill,,skill-drill,,,,,06-08,06-08,09-10,,coaches,coaches_corner,,1078452882,,
,,Cheddar and Pepper Jack Man Up Plays OFfense,45,"Early in the 2022 Season, one of our Captains brought me a Man Up Play called Cheddar that he had been using in the Summer Club Season. We renamed and installed it during our first couple weeks, and went into our first game against Corner Canyon and got destroyed by their Pressure 5 Man Rotation. The problem was not the play exactly, it was that the play hinged on 2 or 3 passes for a specific look that we failed make with the pressure.",man-up,,,,,,09-14,11-14,13-14,pdf_yes,coaches,coaches_corner,https://powlax.com/mp-files/cheddar-and-pepper-jack-man-up-motions-lacrosse-offense-powlax.pdf/,1092027087,[mpdl-file-link file_id=1191],https://powlax.com/wp-content/uploads/2022/07/Cheddar-and-Pepper-Jack-Man-Up-Plays.webp
,,Choosing The Right Stick,128,"Choosing the correct stick is the most important decision a parent can make when their young player tries lacrosse! Huge thank you to Alf Jacques, Greg Kenneally, and Jake Smith for being in the video as well as String King, East Coast Dyes, and Powell Lacrosse for sending me their sticks.",,,,,,,,,,pdf_yes,,coaches_corner,https://powlax.com/mp-files/choosing-the-right-stick-lacrosse-powlax.pdf/,1092026815,[mpdl-file-link file_id=1223],https://powlax.com/wp-content/uploads/2020/08/So-Your-Kid-Wants-to-Play-Lacrosse-Choosing-The-Right-Stick-POWLAX-1.webp
,,Circle Dodging,46,"Having great stick skills means more than just being able to pass, catch, and pick up ground balls. It means being able to wield your stick and control the ball like an experienced samurai controls his katana. Give every player on your team a ton of great reps with this simple and effective skill drill.",,skill-drill,,,,,06-08,09-12,11-12,,coaches,coaches_corner,,180762732,[mpdl-file-link file_id=1193],https://powlax.com/wp-content/uploads/2020/08/Circle-Dodging-Drill-Lacrosse-POWLAX-scaled.webp
,,Clear Pass Terminology,47,"Communication is essential during a clear, use this terminology to clear efficiently!",clearing,,,,,,06-08,09-12,11-12,,coaches,coaches_corner,,1081201538,[mpdl-file-link file_id=1195],https://powlax.com/wp-content/uploads/2021/09/Dodge-Terminology.webp
,,Clear Passing,48,Teach your players everything they need to know about clearing by using this drill. It will help train the motions and concepts of your clear while training the skills necessary to clear successfully.,clearing,team-competition,,,,,09-10,09-14,13-14,pdf_yes,coaches,coaches_corner,https://powlax.com/mp-files/clear-passing-lacrosse-powlax.pdf/,1078459533,[mpdl-file-link file_id=1180],https://powlax.com/wp-content/uploads/2020/08/Clear-Passing-Lacrosse-POWLAX.webp
,,Coaches vs Refs,49,A Coaches perspective on the relationship between coaches and refs in lacrosse and what we can do from both sides to improve the game.,,,,,,,06-08,06-18,15-18,,coaches,coaches_corner,,1078458932,[mpdl-file-link file_id=1197],https://powlax.com/wp-content/uploads/2020/08/Coaches-vs-Refs-Lacrosse-POWLAX.webp
,,Conshu Set Play,50,This is a set play that worked really well for us at Grandview. Out of the 231 set.,offense;motion-offense;set-plays,,,,,,09-10,09-14,13-14,pdf_yes,coaches,coaches_corner,https://powlax.com/mp-files/conshu-set-play-lacrosse-playbook-pdf-powlax.pdf/,1092026784,[mpdl-file-link file_id=1199],https://powlax.com/wp-content/uploads/2022/05/Conshu-Set-Play.webp
,,Crease Slide Basics,51,An introduction to the concepts of man to man defense and the basic philosophy of a crease slide defense.,defense,,,,,,09-10,11-14,13-14,pdf_yes,coaches,coaches_corner,https://powlax.com/mp-files/crease-slide-basics-lacrosse-powlax.pdf/,1078459555,[mpdl-file-link file_id=1201],https://powlax.com/wp-content/uploads/2020/08/Crease-Slide-Basics-Lacrosse-POWLAX-scaled.webp
,,Cuse Motion Offense,52,An overview of the Cuse Motion Offense!,offense;motion-offense,,,,,,09-10,11-14,13-14,pdf_yes,coaches,coaches_corner,https://powlax.com/mp-files/cuse-offense-lacrosse-powlax.pdf/,1081201563,[mpdl-file-link file_id=1203],https://powlax.com/wp-content/uploads/2020/08/Cuse-Motion-Offense-Youtube-Final.webp
,,Cuse Motion Offense vs Zone Defense,53,We show how the Cuse Motion Offense can be used to attack Zone Defense.,offense,,,,,,09-10,11-14,13-14,pdf_yes,coaches,coaches_corner,https://powlax.com/mp-files/how-to-beat-zone-defense-lacrosse-coaching-zone-offense-powlax.pdf/,1081201565,[mpdl-file-link file_id=1205],https://powlax.com/wp-content/uploads/2022/07/DCF77F74-E0CD-478B-9C50-E3758D46ECCD-e1658347774126.webp
,,Defending 2 Man games,54,How to defend a plethora of 2 Man Games.,defense;man-to-man,,,,,,06-08,09-14,13-14,pdf_yes,coaches,coaches_corner,https://powlax.com/mp-files/2-man-game-pdf.pdf/,1081201570,[mpdl-file-link file_id=1207],https://powlax.com/wp-content/uploads/2020/08/Defending-2-Man-Games-Lacrosse-POWLAX.webp
,,Defending Hang Ups at X,55,This video outlines the best ways to defend getting hung up at X.,defense,,,,,,09-10,11-14,13-14,,coaches,coaches_corner,,1078533606,[mpdl-file-link file_id=1209],https://powlax.com/wp-content/uploads/2020/08/Defending-Hang-Ups-Lacrosse-POWLAX.webp
,,Denver Endline Play,56,Learn this beautifully designed endline play that helped the University of Denver win the 2015 National Championship.,offense;set-plays,,,,,,09-10,09-14,13-14,pdf_yes,coaches,coaches_corner,https://powlax.com/mp-files/denver-endline-play-lacrosse-powlax.pdf/,1078459673,[mpdl-file-link file_id=1211],https://powlax.com/wp-content/uploads/2020/08/Denvers-Endline-Play-Lacrosse-POWLAX.webp
,,Dodge - Clear Through - Follow,57,This &#8220;Triangle Offense based&#8221;3 man motion can be run from the midfield or attack and will put a ton of stress on the opposing defense. This motion can be used as a part of the 21-12 offense.,offense,gameplay-concept,,,,,06-10,09-12,11-12,pdf_yes,coaches,coaches_corner,https://powlax.com/mp-files/21-12-motion-offense-pdf-lacrosse-powlax.pdf/,180938386,[mpdl-file-link file_id=1213],https://powlax.com/wp-content/uploads/2020/08/Dodge-Clear-Through-Follow-scaled.webp
,,Dodge Follow Float Midfield Motion,177,21-12 Motion Offense Concept,offense; motion-offense,gameplay-concept,,,,,06-10,09-12,11-12,pdf_yes,coaches,coaches_corner,https://powlax.com/mp-files/21-12-motion-offense-pdf-lacrosse-powlax.pdf/,1092031129,,
,,Dodges for Attackmen,94,These are my favorite dodges for Attackmen. &nbsp;An overview of 3 popular Attack Dodges in Lacrosse.,offense,,,,,,06-08,09-12,13-14,,coaches,coaches_corner,,1092026690,[mpdl-file-link file_id=1281],https://powlax.com/wp-content/uploads/2022/11/Dodges-for-Attackmen.webp
,,Dodges for Defensemen in Lacrosse,136,These are my favorite movements and dodges for defensemen in lacrosse. An overview of popular dodges and movements for defenseman in Lacrosse. A video addition to “The Player and Parents Guide to Lacrosse&#8221;by Patrick Chapla. Patrick Chapla.,defense,,,,,,06-08,09-12,13-14,,coaches,coaches_corner,,1092026603,[mpdl-file-link file_id=1283],https://powlax.com/wp-content/uploads/2022/11/Dodges-for-Defenseman.webp
,,Dodges for Midfielders,96,These are my favorite dodges for Midfielders. &nbsp;An overview of popular Midfield Dodges in Lacrosse.,offense,,,,,,06-08,09-12,13-14,,coaches,coaches_corner,,1092026633,[mpdl-file-link file_id=1285],https://powlax.com/wp-content/uploads/2022/11/dodges-for-Midfielders.webp
,,Doubling Picks,59,"Picks are a great time to surprise a team and double the ball. In this video, we discuss the methods for doubling the ball.",defense,,,,,,09-10,11-14,13-14,pdf_yes,coaches,coaches_corner,https://powlax.com/mp-files/2-man-game-pdf.pdf/,1092026547,[mpdl-file-link file_id=1217],https://powlax.com/wp-content/uploads/2020/08/Doubling-Picks-Lacrosse-POWLAX.webp
,,Duke Drill,63,"This fast-paced, transition-oriented, competition drill will kick your practice into high gear! It&#8217;s a definitive player favorite.",transition-o-d,team-competition,,,,,06-08,09-12,11-12,pdf_yes,coaches,coaches_corner,https://powlax.com/mp-files/duke-drill-lacrosse-powlax.pdf/,1078459580,[mpdl-file-link file_id=1225],https://powlax.com/wp-content/uploads/2020/08/Duke-Drill-Lacrosse-POWLAX-1-scaled.webp;https://powlax.com/wp-content/uploads/2020/08/Duke-Drill-Lacrosse-POWLAX-scaled.webp
,,Duke Fade and Follow Offense,64,"<style type=""text/css""><!--td {border: 1px solid #ccc;}br {mso-data-placement:same-cell;}--></style>An overview of the Fade and Follow Offense that Duke used to put up 19 vs Hopkins in the first round last year.",offense,,,,,,06-08,09-14,13-14,pdf_yes,coaches,coaches_corner,https://powlax.com/mp-files/duke-fade-and-follow-offense-pdf.pdf/,1078459351,[mpdl-file-link file_id=1227],https://powlax.com/wp-content/uploads/2020/08/Duke-Fade-and-Follow-Offense-LAcrosse-POWLAX.webp;https://powlax.com/wp-content/uploads/2020/08/POWLAX-PDF-PNG.webp
,,Duke Motion,61,"Whether used as an endline play or part of your offensive motion, the Duke Motion is a great way to draw slides and set up dodges on recovering defensemen.",offense;motion-offense;set-plays,,,,,,06-08,09-14,13-14,pdf_yes,coaches,coaches_corner,https://powlax.com/mp-files/21-12-motion-offense-pdf-lacrosse-powlax.pdf/,1078534079,[mpdl-file-link file_id=1221],https://powlax.com/wp-content/uploads/2020/08/Duke-Motion-Lacrosse-POWLAX.webp
,,Duke Scrapping Drill,62,"This player favorite will develop your teams transition offense, ground balls, and clearing! All in one drill!",transition-o-d,team-competition,,,,,06-08,09-14,13-14,pdf_yes,coaches,coaches_corner,https://powlax.com/mp-files/duke-scrapping-drill-lacrosse-powlax.pdf/,1078459006,[mpdl-file-link file_id=1223],https://powlax.com/wp-content/uploads/2020/08/Duke-Scrapping-Drill-Lacrosse-POWLAX.webp
,,Duke’s Fade and Follow Offense vs Zone Defense,60,"This is an exploration of the Duke fade and follow offense, and it's usefulness against his own",offense,,,,,,09-10,11-14,13-14,pdf_yes,coaches,coaches_corner,https://powlax.com/mp-files/how-to-beat-zone-defense-lacrosse-coaching-zone-offense-powlax.pdf/,1092026513,[mpdl-file-link file_id=1219],https://powlax.com/wp-content/uploads/2022/07/FA22628A-34DD-4BCC-BA96-7B5CC52AB450.webp
,,Duke's Hybrid Man Down,65,Duke&#8217;s Hybrid Man Down which combines a 5 Man Rotation on passes and switches to a zone on carries.,defense; man-down,,,,,,13-14,13-14,15-18,pdf_yes,coaches,coaches_corner,https://powlax.com/mp-files/a-complete-guide-to-man-down-defense-lacrosse-powlax.pdf/,1092026429,[mpdl-file-link file_id=1229],https://powlax.com/wp-content/uploads/2020/12/Dukes-Hybrid-Man-Down-Defense-Lacrosse-POWLAX.webp
,,East West Dodging in Lacrosse,66,"This is a video about East West Dodge, which are Dodge where the Player is moving around the perimeter of the field and then change his direction or pace to try to make the defender be on the side of them to allow them to get from the perimeter to the center of the field, where they can shoot.",offense,,,,,,06-08,09-12,13-14,,coaches,coaches_corner,,1092026384,[mpdl-file-link file_id=1231],https://powlax.com/wp-content/uploads/2022/11/East-West-Dodging.webp
,,Faceoff Plays and Tactics,68,"Face offs can win and lose games, so you&#8217;d better have a plan. By using this simple strategy, your team will have an advantage at the X.",face-offs,,,,,,06-10,11-14,15-18,pdf_yes,coaches,coaches_corner,https://powlax.com/mp-files/face-off-plays-and-tactics-lacrosse-powlax.pdf/,1078459479,[mpdl-file-link file_id=1118],https://powlax.com/wp-content/uploads/2020/08/Face-Off-Plays-scaled.webp
,,Full Field Build Up Drill,69,"The Full Field Build Up Drill is foundational in teaching the situational awareness on the offensive and defensive side of the ball. It is extremely fun, incorporates the entire team, and can be a very intense conditioning drill for midfielders who begin the drill early.",transition-o-d; offense,team-competition,,,,,06-10,06-14,13-14,pdf_yes,coaches,coaches_corner,https://powlax.com/mp-files/2-ball-defensive-reaction-drill-defensive-footwork-drill.pdf/,1092026269,[mpdl-file-link file_id=1235],https://powlax.com/wp-content/uploads/2024/03/Full-Field-Build-Up-Drill-_-Lacrosse-_-POWLAX.png
,,General Drill (Recovery 1v1's),71,General Drill is a recovery 1v1 drill at the edge of dangerous space that forces players to embrace contact to be successful! Modified from UVA Coach Lars Tiffany’s presentation at IMLCA.,offense; defense,skill-drill,,,,,06-08,09-12,09-10,pdf_yes,coaches,coaches_corner,https://powlax.com/mp-files/general-drill-recovery-1v1s-lacrosse-powlax.pdf/,1081206744,[mpdl-file-link file_id=1239],https://powlax.com/wp-content/uploads/2020/08/General-Drill.webp
,,Hands Free Dodges,73,What are Hands Free Dodges in Lacrosse? An overview of 3 popular Hands Free Dodges in Lacrosse.&nbsp;A video addition to “The Player and Parents Guide to Lacrosse&#8221;by Patrick Chapla.,offense,,,,,,06-08,09-12,13-14,,coaches,coaches_corner,,1092026241,[mpdl-file-link file_id=1243],https://powlax.com/wp-content/uploads/2022/11/Hands-Free.webp
,,Head Man Passing Drill,74,"Head Man Passing is an essential stick work drill for any box team. It emphasizes getting the ball up the floor, catching over the shoulder passes, communicating, and allows players to work on finishing 1v1 on the goalie.",transition-o-d,skill-drill,,,,,06-08,09-10,09-10,pdf_yes,coaches,coaches_corner,https://powlax.com/mp-files/head-man-passing-drill-lacrosse-powlax.pdf/,1078534096,[mpdl-file-link file_id=1245],https://powlax.com/wp-content/uploads/2020/08/Head-Man-Passing-Drill-Lacrosse-POWLAX.webp
,,Hopkins 3-3 Wheel and Seal Man Up Play,163,Hopkins uses a 3-3 4 Man Side Wheel to set up a double seal for the freshman phenom Joey Epstein.,,,,,,,,,,pdf_yes,,coaches_corner,https://powlax.com/mp-files/3-3-4-man-wheel-man-up-pdf-lacrosse-powlax.pdf/,1081206927,[mpdl-file-link file_id=1309],https://powlax.com/wp-content/uploads/2020/08/Hopkins-4-Man-Wheel-and-Seal-Man-Up-Play-Lacrosse-POWLAX.webp
,,House Zone Man Down Defense,75,Virginia&#8217;s House Zone killed it in the 2019 NCAA Tournament. We overview the strategy!,defense;man-down,,,,,,09-10,11-14,13-14,pdf_yes,coaches,coaches_corner,https://powlax.com/mp-files/a-complete-guide-to-man-down-defense-lacrosse-powlax.pdf/,1081205659,[mpdl-file-link file_id=1247],https://powlax.com/wp-content/uploads/2020/12/House-Man-Down-Defense-Lacrosse-POWLAX.webp
,,How to Beat Zone Defense,76,This is an in-depth video about how to beat zone defenses and it includes all of the other videos referencing offense against zone defense.,offense,,,,,,09-14,11-14,13-14,pdf_yes,coaches,coaches_corner,https://powlax.com/mp-files/how-to-beat-zone-defense-lacrosse-coaching-zone-offense-powlax.pdf/,1081206964,[mpdl-file-link file_id=1146],https://powlax.com/wp-content/uploads/2022/02/How-to-Beat-Zone-Defense-Lacrosse-Coaching-Zone-Offense-POWLAX.webp
,,How to Catch in Lacrosse,164,Patrick teaches the proper technique of how to catch in lacrosse and gives drills that you can do at home. ,,,,,,,,,,pdf_yes,,coaches_corner,https://powlax.com/mp-files/how-to-catch-in-lacrosse-powlax-backyard.pdf/,1092026107,[mpdl-file-link file_id=1297],https://powlax.com/wp-content/uploads/2020/11/How-to-Catch-in-Lacrosse-POWLAX-Backyard.webp;https://powlax.com/wp-content/uploads/2020/11/How-to-Cradle-in-Lacrosse-POWLAX-Backyard.webp;https://powlax.com/wp-content/uploads/2020/11/How-to-Hold-The-Stick-in-Lacrosse-POWLAX-Backyard.webp;https://powlax.com/wp-content/uploads/2020/11/How-to-Pass-in-Lacrosse-POWLAX-Backyard.webp;https://powlax.com/wp-content/uploads/2020/11/How-to-Shoot-in-Lacrosse-POWLAX-Backyard.webp;https://powlax.com/wp-content/uploads/2020/11/How-to-Shoot-In-Tight-In-Lacrosse-_-POWLAX-Backyard.webp;https://powlax.com/wp-content/uploads/2020/11/How-to-Shoot-on-the-Run-in-Lacrosse-POWLAX-Backyard.webp;https://powlax.com/wp-content/uploads/2020/11/How-to-Shoot-with-Time-and-Room-in-Lacrosse-POWLAX-Backyard.webp;https://powlax.com/wp-content/uploads/2020/11/How-to-Switch-Hands-in-Lacrosse-POWLAX-Backyard.webp;https://powlax.com/wp-content/uploads/2020/11/How-to-Throw-Fakes-in-Lacrosse-POWLAX-Backyard.webp
,,How to Cradle in Lacrosse,77,Patrick teaches cradling techniques and drills that you can do at home!,,skill-drill,,,,,06-08,06-08,09-10,pdf_yes,coaches,coaches_corner,https://powlax.com/mp-files/how-to-cradle-in-lacrosse-powlax-backyard.pdf/,1092025955,[mpdl-file-link file_id=1211],https://powlax.com/wp-content/uploads/2020/11/How-to-Cradle-in-Lacrosse-POWLAX-Backyard.webp
,,How to Do a Step Back Throw Back,133,An overview of Step Back Throw Back technique and drills to work on at home!,offense,,,,,,06-08,09-12,13-14,,players,coaches_corner,,1092026042,[mpdl-file-link file_id=1219],https://powlax.com/wp-content/uploads/2021/10/8E1E0224-5458-4213-A709-82ECE8F915E7.webp
,,How to Do Hidden Ball Tricks,78,Learn to execute Hidden Ball Tricks like a PRO!<br />,offense; set-plays,,,,,,06-10,09-14,13-14,pdf_yes,coaches,coaches_corner,https://powlax.com/mp-files/how-to-do-hidden-ball-tricks-lacrosse-powlax.pdf/,1078534113,[mpdl-file-link file_id=1249],https://powlax.com/wp-content/uploads/2020/08/How-To-Do-Hidden-Ball-Tricks-Lacrosse-POWLAX.webp
,,How to Hold the Stick in Lacrosse,79,"In this video, Patrick teaches how to hold the stick and give some drills to help players activate their fingers to allow them to control the ball in the stick better",,skill-drill,,,,,06-08,06-08,09-10,pdf_yes,coaches,coaches_corner,https://powlax.com/mp-files/how-to-hold-the-stick-in-lacrosse-powlax-backyard.pdf/,1092025788,[mpdl-file-link file_id=1251],https://powlax.com/wp-content/uploads/2020/11/How-to-Hold-The-Stick-in-Lacrosse-POWLAX-Backyard.webp
,,How to Pass in Lacrosse,165,Patrick teaches proper passing techniques and drills you can do at home.,,,,,,,,,,pdf_yes,,coaches_corner,https://powlax.com/mp-files/how-to-pass-in-lacrosse-powlax-backyard.pdf/,1081206192,[mpdl-file-link file_id=1317],https://powlax.com/wp-content/uploads/2020/11/How-to-Pass-in-Lacrosse-POWLAX-Backyard.webp
,,How to Pick Up Ground Balls in Lacrosse,166,Patrick teaches the proper technique of how to pick up ground balls and gives three drills you can use to practice at home,,,,,,,,,,pdf_yes,,coaches_corner,https://powlax.com/mp-files/how-to-pick-up-ground-balls-in-lacrosse-powlax.pdf/,1081328797,[mpdl-file-link file_id=1303],https://powlax.com/wp-content/uploads/2020/12/How-to-Pick-Up-Ground-Balls-In-Lacrosse-_-POWLAX-Backyard.webp
,,How to Question Mark Dodge in Lacrosse,111,Patrick teaches the proper technique of how to use question mark hands free dodges and goes over drills for you to do at home.,,skill-drill,,,,,09-10,11-14,13-14,,coaches,coaches_corner,,1092025869,[mpdl-file-link file_id=1199],https://powlax.com/wp-content/uploads/2021/09/Question-Mark-POWLAX-Backyard.webp
,,How to Shoot in Lacrosse,167,"Patrick teaches technique and drills for how to shoot in tight, with time and room, and on the run!",,,,,,,,,,pdf_yes,,coaches_corner,https://powlax.com/mp-files/how-to-shoot-in-lacrosse-powlax-backyard.pdf/,1081206024,[mpdl-file-link file_id=1180],https://powlax.com/wp-content/uploads/2020/11/How-to-Shoot-in-Lacrosse-POWLAX-Backyard.webp
,,How to Shoot In Tight in Lacrosse,168,Patrick teaches techniques of shooting in tight and drills you can use to practice at home.,,,,,,,,,,pdf_yes,,coaches_corner,https://powlax.com/mp-files/how-to-shoot-in-lacrosse-powlax-backyard.pdf/,1081206704,[mpdl-file-link file_id=1305],https://powlax.com/wp-content/uploads/2020/11/How-to-Shoot-In-Tight-In-Lacrosse-_-POWLAX-Backyard.webp
,,How to Shoot On The Run in Lacrosse,169,Patrick teaches how to shoot on the run and drills you can do to perfect your technique at home.,,,,,,,,,,pdf_yes,,coaches_corner,https://powlax.com/mp-files/how-to-shoot-in-lacrosse-powlax-backyard.pdf/,1081206667,[mpdl-file-link file_id=1293],https://powlax.com/wp-content/uploads/2020/11/How-to-Shoot-on-the-Run-in-Lacrosse-POWLAX-Backyard.webp
,,How to Shoot with Time and Room in Lacrosse,170,Patrick teaches time and room shooting techniques and drills you can use to practice at home.,,,,,,,,,,pdf_yes,,coaches_corner,https://powlax.com/mp-files/how-to-shoot-in-lacrosse-powlax-backyard.pdf/,1081205965,[mpdl-file-link file_id=1291],https://powlax.com/wp-content/uploads/2020/11/How-to-Shoot-with-Time-and-Room-in-Lacrosse-POWLAX-Backyard.webp
,,How to Switch Hands in Lacrosse,171,Patrick how to switch hands efficiently and drills to do at home.,,,,,,,,,,pdf_yes,,coaches_corner,https://powlax.com/mp-files/how-to-switch-hands-in-lacrosse-powlax-backyard.pdf/,1081333308,[mpdl-file-link file_id=1311],https://powlax.com/wp-content/uploads/2020/11/How-to-Switch-Hands-in-Lacrosse-POWLAX-Backyard.webp
,,How to Throw Fakes in Lacrosse,172,Patrick teaches faking techniques and how to practice them at home!,,,,,,,,,,pdf_yes,,coaches_corner,https://powlax.com/mp-files/how-to-fake-in-lacrosse-powlax-backyard.pdf/,1081205916,[mpdl-file-link file_id=1273],https://powlax.com/wp-content/uploads/2020/11/How-to-Throw-Fakes-in-Lacrosse-POWLAX-Backyard.webp
,,I Passing Drill,81,"This innovative lacrosse drill focuses on enhancing player skills through high-quality, game-like repetitions, ideal for teams with new or young players. Coaches will find it valuable for its emphasis on essential techniques like V-cuts and ground ball pickups, ensuring players develop technical skills and game sense efficiently.",,skill-drill,,,,,06-08,09-10,09-10,,coaches,coaches_corner,,1092025738,[mpdl-file-link file_id=1255],https://powlax.com/wp-content/uploads/2024/01/I-Passing-Drill-Thumbnail-1.webp
,,Introducing Box Picks with 2v0's 2v1's and 2v2's,83,Learn how to teach your players box picking with 2v0&#8217;s 2v1&#8217;s and 2v2&#8217;s,offense; 2-man-game,gameplay-concept,,,,,06-10,09-12,11-12,pdf_yes,coaches,coaches_corner,https://powlax.com/mp-files/introducing-box-picks-with-2v0s-2v1s-and-2v2s-lacrosse-powlax.pdf/,1078534017,[mpdl-file-link file_id=1259],https://powlax.com/wp-content/uploads/2020/08/Introducing-Box-Picks-with-2v0-2v1-2v2-Drills-Lacrosse-POWLAX.webp;https://powlax.com/wp-content/uploads/2020/08/Using-and-Defending-Box-Picks-Lacrosse-POWLAX-1.webp
,,Island 1v1's,84,Getting to the Island is an offensive players dream and a defensive players nightmare. This drill focuses on exactly what both sides of the ball should be doing from this important position on the field.,,skill-drill,,,,,06-08,09-12,09-10,,coaches,coaches_corner,,1092025702,[mpdl-file-link file_id=1261],https://powlax.com/wp-content/uploads/2020/08/Island-1v1s-Lacrosse-POWLAX-scaled.webp
,,Jim Berkman's 10 Recruiting Tips,5,Coach Berkman talks through 10 things to you can do to during the recruiting process.,,,,,,,06-08,06-18,15-18,,coaches,coaches_corner,,1092025358,,https://powlax.com/wp-content/uploads/2020/08/Jim-Berkmans-10-Recruiting-Tips-Lacrosse-POWLAX-1.webp;https://powlax.com/wp-content/uploads/2020/08/Jim-Berkmans-10-Recruiting-Tips-Lacrosse-POWLAX.webp
,,Jumping The Ball Man Down Defense,85,Surprise your opponent by setting a specific player to anticipate and apply heavy pressure on your man down set!,defense; man-down,,,,,,13-14,13-14,15-18,pdf_yes,coaches,coaches_corner,https://powlax.com/mp-files/a-complete-guide-to-man-down-defense-lacrosse-powlax.pdf/,1081206593,[mpdl-file-link file_id=1263],https://powlax.com/wp-content/uploads/2020/12/Jumping-The-Ball-Man-Down-Defense-Lacrosse-POWLAX.webp
,,L Fast Break,173,Tried and True&#8230;The &#8220;L&#8221;Fast Break is simple and effective.,,,,,,,,,,pdf_yes,,coaches_corner,https://powlax.com/mp-files/l-fast-break-4v3-lacrosse-powlax.pdf/,1078533720,[mpdl-file-link file_id=1279],https://powlax.com/wp-content/uploads/2020/08/L-Fast-Break-Lacrosse-POWLAX-scaled.webp;https://powlax.com/wp-content/uploads/2020/08/L-Fast-Break-POWLAX-Master-Class-Banner.webp
,,Lacrosse Goalie Play,86,This is an overview of all of the Goalie play techniques. It also includes a ton of concepts for goalies.,,skill-drill,,,,,06-08,09-12,13-14,,coaches,coaches_corner,,1081206389,[mpdl-file-link file_id=1265],https://powlax.com/wp-content/uploads/2023/02/Lacrosse-Goalie-Play.webp;https://powlax.com/wp-content/uploads/2023/02/Copy-of-4x5-The-Player-and-Parents-Guide-to-Lacrosse-1.webp
,,Line Bump Drill (Slide and Recover),87,"<style type=""text/css""><!--td {border: 1px solid #ccc;}br {mso-data-placement:same-cell;}--></style>An overview of the Fade and Follow Offense that Duke used to put up 19 vs Hopkins in the first round last year.",defense,gameplay-concept,,,,,06-10,09-12,11-12,pdf_yes,coaches,coaches_corner,https://powlax.com/mp-files/line-bump-drill-slide-and-recover-lacrosse-powlax.pdf/,181826603,[mpdl-file-link file_id=1267],https://powlax.com/wp-content/uploads/2020/08/Line-Bump-Drill-Lacrosse-POWLAX-scaled.webp
,,Line Drills,34,,,skill-drill,,,,,06-08,09-12,11-12,pdf_yes,coaches,coaches_corner,https://powlax.com/mp-files/line-drills-lacrosse-powlax.pdf/,184030071,[mpdl-file-link file_id=1168],https://powlax.com/wp-content/uploads/2020/08/Line-Drills-Lacrosse-POWLAX.webp
,,Making Line Drills More Effective,88,Modify your line drills to get the most out of your practice time!,,skill-drill,,,,,06-08,09-10,09-10,pdf_yes,coaches,coaches_corner,https://powlax.com/mp-files/better-line-drills-lacrosse-powlax.pdf/,1078533414,[mpdl-file-link file_id=1269],https://powlax.com/wp-content/uploads/2020/08/Making-Line-Drills-More-Effective-Lacrosse-POWLAX.webp
,,Mammoth Shooting Drill,89,The Mammoth Shooting Drill teaches players how to substitute while getting a ton of breakaway shooting reps!,,skill-drill,,,,,09-10,09-12,11-12,pdf_yes,coaches,coaches_corner,https://powlax.com/mp-files/mammoth-shooting-drill-lacrosse-powlax.pdf/,1092025297,[mpdl-file-link file_id=1271],https://powlax.com/wp-content/uploads/2020/08/Mammoth-Shooting-Drill-POWLAX.webp
,,Man Down Clear,90,An overview of strategies when clearing while man down.,clearing;man-down,,,,,,09-10,09-14,13-14,pdf_yes,coaches,coaches_corner,https://powlax.com/mp-files/a-complete-guide-to-man-down-defense-lacrosse-powlax.pdf/,1092025226,[mpdl-file-link file_id=1273],https://powlax.com/wp-content/uploads/2020/12/Man-Down-Clear-Lacrosse-POWLAX.webp
,,Man Down Face Off,91,A look at the strategy behind facing off man down.,face-offs;man-down,,,,,,09-10,09-14,13-14,pdf_yes,coaches,coaches_corner,https://powlax.com/mp-files/a-complete-guide-to-man-down-defense-lacrosse-powlax.pdf/,1092025187,[mpdl-file-link file_id=1275],https://powlax.com/wp-content/uploads/2020/12/Man-Down-Face-Off-Lacrosse-POWLAX.webp
,,Man Down Restart Trick Plays,93,Easily get out of doubles and clear the ball during restarts while man down using these simple steps!,clearing;man-down,,,,,,09-10,09-14,13-14,pdf_yes,coaches,coaches_corner,https://powlax.com/mp-files/man-down-restart-trick-plays-lacrosse-powlax.pdf/,1078458981,[mpdl-file-link file_id=1279],https://powlax.com/wp-content/uploads/2020/08/Man-Down-Restart-Trick-Plays-POWLAX-Lacrosse-Youtube.webp
,,My Favorite Dodges for Attackmen,95,These are my favorite dodges for Attackmen. &nbsp;An overview of 3 popular Attack Dodges in Lacrosse.,offense,,,,,,06-08,09-12,13-14,,coaches,coaches_corner,,1092025150,[mpdl-file-link file_id=1283],
,,Near Man Defense,98,This man to man defensive strategy combines the strategies of crease and adjacent slide packages in order to create a sliding system that is easier to teach and more instinctive for players on the field.,defense; man-to-man,,,,,,09-14,11-14,13-14,pdf_yes,coaches,coaches_corner,https://powlax.com/mp-files/near-man-defense-lacrosse-powlax.pdf/,1092025037,[mpdl-file-link file_id=1289],https://powlax.com/wp-content/uploads/2020/08/Near-Man-Defense-Lacrosse-POWLAX-1-scaled.webp;https://powlax.com/wp-content/uploads/2020/08/Take-This.webp
,,North South Dodges,101,An overview of North-South Dodges.,offense,,,,,,06-08,09-12,13-14,,coaches,coaches_corner,,1078459179,[mpdl-file-link file_id=1295],https://powlax.com/wp-content/uploads/2020/08/North-South-Dodging-Lacrosse-POWLAX.webp
,,North-South Dodging Footwork,99,An evaluation of the footwork used in North-South Dodges to change directions and speeds to gain separation!,,,,,,,,,,,,coaches_corner,,1078458944,[mpdl-file-link file_id=1291],https://powlax.com/wp-content/uploads/2020/08/North-South-Dodging-Footwork-Lacrosse-POWLAX.webp
,,Ohio State Pairs Offense,103,An overview of the Ohio State Pairs Offense that destroyed Denver in 2017!,offense; motion-offense,,,,,,09-14,13-14,13-14,pdf_yes,coaches,coaches_corner,https://powlax.com/mp-files/ohio-state-pairs-offense.pdf/,1092024943,[mpdl-file-link file_id=1299],https://powlax.com/wp-content/uploads/2020/08/Ohio-State-Pairs-Offense-Lacrosse-POWLAX.webp
,,Ohio State Pairs Offense in 5 Minutes,102,This is a video of the Ohio State pears offense in very quick fashion.,offense,,,,,,06-08,09-14,13-14,pdf_yes,coaches,coaches_corner,https://powlax.com/mp-files/ohio-state-pairs-offense.pdf/,1081206244,[mpdl-file-link file_id=1297],
,,Partner Passing Drill,104,"Partner Passing Drill is one of the best drills to teach players form, work on new techniques, and warm up to begin practice. Partner Passing is one of my favorite drills because it:<br />1) gives players a ton of reps to warm them up at the beginning of practice.<br />2) puts tremendous emphasis on technique.<br />3) integrates dodging.<br />4) is a great drill to teach players new and advanced techniques.",,skill-drill,,,,,06-08,06-14,13-14,pdf_yes,coaches,coaches_corner,https://powlax.com/mp-files/partner-passing-lacrosse-powlax.pdf/,1078459069,[mpdl-file-link file_id=1301],https://powlax.com/wp-content/uploads/2020/08/Partner-Passing-Drill-Lacrosse-POWLAX.webp
,,Penn State Offense,12,"Led by, 2019 Tewaaraton Award Finalist and record setting distributor Grant Ament (1) and sniper Mac O’Keefe (3), Penn State scored 17.94 goals per game and had the #1 offense in 2019. Although the performance of Ament and O’Keefe drew the headlines, neither would have achieved nearly as much without the exceptional play of: Dylan Foulds (14), Nick Spillane (13), Jack Kelly (25), TJ Malone (7), and a few others. Anytime the defense gave Ament or O’Keefe too much room they would get burned. When the defense adjusted to help cover Ament or O’Keefe the others would capitalize. The six players were like piranhas, combining to be nearly unstoppable.",offense,,,,,,09-14,11-14,13-14,pdf_yes,coaches,coaches_corner,https://powlax.com/mp-files/penn-state-offense-pdf-lacrosse-powlax.pdf/,1078452461,[mpdl-file-link file_id=1076],https://powlax.com/wp-content/uploads/2020/08/2019-Penn-State-Offense-Lacrosse-POWLAX-2.webp;https://powlax.com/wp-content/uploads/2020/08/Take-This-As-A-Master-Class-Banner-Black-White-and-Gold-1.webp
,,Picking vs Zone Defense,106,This video explores the benefits of using picks when the defense is playing in a zone.,offense,,,,,,09-10,11-14,13-14,pdf_yes,coaches,coaches_corner,https://powlax.com/mp-files/how-to-beat-zone-defense-lacrosse-coaching-zone-offense-powlax.pdf/,1092024900,[mpdl-file-link file_id=1305],https://powlax.com/wp-content/uploads/2022/07/1B2E8BF7-9EB1-4914-898D-5ED42D248A96.webp
,,Picks Behind Offense,107,Penn States Picks Behind Offense,offense,,,,,,06-08,09-14,13-14,pdf_yes,coaches,coaches_corner,https://powlax.com/mp-files/penn-state-offense-pdf-lacrosse-powlax.pdf/,1092031217,[mpdl-file-link file_id=1193],https://powlax.com/wp-content/uploads/2020/08/Picks-Behind-Offense-Penn-State-Lacrosse-POWLAX.webp
,,Power 1 Midfield Play (21-12),109,The Power 1 Midfield Play is a set play that uses a misdirection pick or a double pick to produce a step down shot from 8-10 yards by creating a skip lane or a shot on the run with a sweep by picking the switch.,offense;motion-offense;set-plays,,,,,,06-10,09-14,13-14,pdf_yes,coaches,coaches_corner,https://powlax.com/mp-files/power-1-midfield-play-lacrosse-powlax.pdf/,1078459852,[mpdl-file-link file_id=1172],https://powlax.com/wp-content/uploads/2020/08/Power-1-Midfield-Play-Lacrosse-POWLAX.webp
,,Pushin P (Pressure) Man Down Defense,110,Corner Canyon killed us by applying pressure on Man Down. We liked it so much that we took it!,defense;man-down,,,,,,09-10,09-14,13-14,pdf_yes,coaches,coaches_corner,https://powlax.com/mp-files/a-complete-guide-to-man-down-defense-lacrosse-powlax.pdf/,1081205038,[mpdl-file-link file_id=1309],https://powlax.com/wp-content/uploads/2022/07/Pushin-P-Thumbnail.webp
,,Reading Man Down Defense in a 3-3,112,This is an in-depth exploration of how to read the man down defense when your team is in a 3-3 formation on man up.,man-up,,,,,,09-10,11-14,13-14,pdf_yes,coaches,coaches_corner,https://powlax.com/mp-files/reading-man-down-defense-in-a-3-3-lacrosse-powlax.pdf/,1078534101,[mpdl-file-link file_id=1221],https://powlax.com/wp-content/uploads/2020/08/Reading-Man-Down-Defense-in-a-3-3-Lacrosse-POWLAX.webp
,,Recruiting Anxiety,113,"A look at the stressful lacrosse recruiting landscape, misconceptions that create a ton of anxiety for ambitious high school players, and a few ways to reorient our perspective.",,,,,,,,,,,,coaches_corner,,1078458907,[mpdl-file-link file_id=1311],https://powlax.com/wp-content/uploads/2020/08/Recruiting-Anxiety-Lacrosse-POWLAX.webp
,,Regular Midfield Motion (21-12),58,The Regular Midfield Motion is a 21-12 Motion that reflects the Triangle Offense Concept. It is made up of the &#8220;Dodge-Follow-Float&#8221;and &#8220;Sweep-Fade-Float&#8221;motions that reflect the decision of the dodger when they sweep across the top or dodge down the alley.,offense; motion-offense,gameplay-concept,,,,,06-10,09-12,11-12,pdf_yes,coaches,coaches_corner,https://powlax.com/mp-files/regular-midfield-motion-lacrosse-powlax.pdf/,1078459435,[mpdl-file-link file_id=1215],https://powlax.com/wp-content/uploads/2020/08/Regular-Midfield-Motio.webp;https://powlax.com/wp-content/uploads/2020/08/Sweep-Fade-Float-Lacrosse-POWLAX.webp;https://powlax.com/wp-content/uploads/2020/08/Dodge-Follow-Float-Lacrosse-POWLAX-scaled.webp
,,RIT's Championship Tiger Zone,114,"After falling to a 7-2 deficit in the 2nd quarter, The Rochester Institute of Technology (RIT) used a House and 1 Zone to switch up the tempo and ultimately with the 2022 DIII National Championship against Union. This video and PDF will overview the zone they used.",defense; zone-defense,,,,,,09-14,09-14,13-14,pdf_yes,coaches,coaches_corner,https://powlax.com/mp-files/rits-house-and-1-tiger-zone-lacrosse-powlax.pdf/,1081205255,[mpdl-file-link file_id=1107],https://powlax.com/wp-content/uploads/2022/07/RITs-Tiger-Zone-Thumbnail.webp
,,Running The Box (Substitutions),115,"Running the box is a thankless task, but when it&#8217;s done properly is as fluid as the game itself. Learn how to integrate substitution into your complete game plan.",,,,,,,11-12,13-14,15-18,,coaches,coaches_corner,,184030313,[mpdl-file-link file_id=1241],https://powlax.com/wp-content/uploads/2020/08/Running-The-Box-Lacrosse-POWLAX-scaled.webp
,,Rutgers 3-3 Flip and Swing Man Up Plays,117,"The Rutgers Flip and Swing Man Up Plays were used to score two goals in their win over Ohio State in 2019. The plays used a flip, quick ball movement, and off ball motion to exploit Ohio State&#8217;s 5 Man Rotation.",man-up,,,,,,09-14,11-14,13-14,pdf_yes,coaches,coaches_corner,https://powlax.com/mp-files/rutgers-3-3-flip-and-swing-man-up-plays-lacrosse-powlax.pdf/,1092030981,[mpdl-file-link file_id=1118],https://powlax.com/wp-content/uploads/2020/08/Rutgers-3-3-Flip-and-Swing-Man-Up-Plays-Lacrosse-POWLAX.webp
,,Rutgers Set Play (21-12),118,"This simple and effective motion incorporates a dodge, ball reversal, and draft cut to help you score goals in those all important moments!",offense;set-plays,,,,,,09-10,11-14,13-14,pdf_yes,coaches,coaches_corner,https://powlax.com/mp-files/rutgers-set-play-21-12-lacrosse-powlax.pdf/,1078534057,[mpdl-file-link file_id=1313],https://powlax.com/wp-content/uploads/2020/08/Rutgers-Set-Play-Lacrosse-POWLAX-1-scaled.webp;https://powlax.com/wp-content/uploads/2020/08/Rutgers-Set-Play-Lacrosse-POWLAX-scaled.webp
,,Saints Passing Drill,119,"Get every player on your team involved and teach them fundamental skills like passing, catching, coming off picks, fakes, and east-west dodges with this new school stick skill drill.",,skill-drill,,,,,06-08,09-12,11-12,pdf_yes,coaches,coaches_corner,https://powlax.com/mp-files/saints-passing-drill-lacrosse-powlax.pdf/,180762454,[mpdl-file-link file_id=1207],https://powlax.com/wp-content/uploads/2020/08/Saints-Passing-Drill-POWLAX.webp
,,Salisbury Call Drill (Slide and Recover),120,"The Salisbury Call Drill is a fast-paced slide and recovery drill that teaches sliding, recovering, bumping, and playing the two inside. Offensively, it focuses on stepping away to accept slides in order to move the ball.",defense,team-competition,,,,,09-10,11-14,13-14,pdf_yes,coaches,coaches_corner,https://powlax.com/mp-files/salisbury-call-drill-lacrosse-powlax.pdf/,1078459726,[mpdl-file-link file_id=1211],https://powlax.com/wp-content/uploads/2020/08/Salisbury-Call-Drill-Lacrosse-POWLAX.webp
,,Salisbury Low Shallow Cut Offense vs Zone Defense,121,Salisbury used an open set with low shallow cuts to draw the zone out of position and cut behind ball watching players!,offense,,,,,,09-10,11-14,13-14,pdf_yes,coaches,coaches_corner,https://powlax.com/mp-files/how-to-beat-zone-defense-lacrosse-coaching-zone-offense-powlax.pdf/,1081204779,[mpdl-file-link file_id=1265],https://powlax.com/wp-content/uploads/2022/07/F640F4E3-31F8-4C53-AD30-B5414A5A18FE.webp
,,Salmon Bellies Slip Shooting Drill,122,Salmon Bellies is a simple shooting drill that emphasizes slipping after picking off ball!,offense,skill-drill,,,,,06-08,06-08,09-10,pdf_yes,coaches,coaches_corner,https://powlax.com/mp-files/salmon-bellies-slip-shooting-drill-lacrosse-powlax.pdf/,1081205239,[mpdl-file-link file_id=1315],https://powlax.com/wp-content/uploads/2020/08/Salmon-Bellies-Slip-Shooting-Drill-Box-Lacrosse-POWLAX.webp
,,Seawolves Drill Off Ball offense and Defense Mens and Womens Lacrosse,123,The Seawolves drill is a high-level off-ball offensive and defensive drill that revolutionized how our players played off-ball this year. I believe that it is one of the main factors that propelled us to our first-ever playoff win because it forces players into game-like off-ball finishing situations.,offense; defense,team-competition,,,,,06-10,09-14,13-14,pdf_yes,coaches,coaches_corner,https://powlax.com/mp-files/4-corner-seawolves-drill-fast-paced-off-ball-offensive-and-defensive-lacrosse-drill-powlax.pdf/,1081204916,[mpdl-file-link file_id=1203],https://powlax.com/wp-content/uploads/2022/08/Seawolves-Drill.webp
,,Short 1v1's,124,Short 1v1&#8217;s increases the emphasis on what offensive and defensive players should do when a dodge gets near the middle of the field.,,skill-drill,,,,,06-08,09-12,09-10,,coaches,coaches_corner,,1078533920,[mpdl-file-link file_id=1154],https://powlax.com/wp-content/uploads/2020/08/Short-1v1s-Lacrosse-POWLAX.webp
,,Side 3v2 vs Zone Defense,31,"This is a video about utilizing the three on twos on the sides of the field when playing against a zone defense. So it's a concept for beating zone defenses, it can be a strategy in and of itself.",offense,,,,,,09-10,11-14,13-14,pdf_yes,coaches,coaches_corner,https://powlax.com/mp-files/how-to-beat-zone-defense-lacrosse-coaching-zone-offense-powlax.pdf/,1081201496,[mpdl-file-link file_id=1162],https://powlax.com/wp-content/uploads/2022/07/047DEB25-4BF8-4CBB-800E-4ED890B9D427.webp
,,Sideways West Genny Drill,125,Sideways West Genny is a fast-paced competition drill that focuses on offensive and defensive players reading the field and making good decisions.,offense;defense,team-competition,,,,,06-10,09-12,11-12,pdf_yes,coaches,coaches_corner,https://powlax.com/mp-files/sideways-west-genny-lacrosse-powlax.pdf/,1078533638,[mpdl-file-link file_id=1193],https://powlax.com/wp-content/uploads/2020/08/Sideways-West-Genny-Lacrosse-Drill-POWLAX.webp
,,Skeleton Shooting,126,"<style type=""text/css""><!--td {border: 1px solid #ccc;}br {mso-data-placement:same-cell;}--></style>If you don&#8217;t shoot, you can&#8217;t score. But why not run a shooting drill that reinforces the motions and concepts of your offense? Skeleton shooting is a tremendous drill for training players to shoot within the concepts of the offense that you run!",offense; motion-offense,skill-drill,,,,,06-08,09-14,13-14,,coaches,coaches_corner,,1092030908,[mpdl-file-link file_id=1241],https://powlax.com/wp-content/uploads/2020/08/Skeleton-Shooting-Lacrosse-POWLAX-1-scaled.webp;https://powlax.com/wp-content/uploads/2020/08/Skeleton-Shooting-Lacrosse-POWLAX-scaled.webp
,,Slow Break Offense,127,The best time to attack a defense is before it get set up. This slow break sets up your offense fluidly while can pushing the tempo during the first 10 seconds of a possession.,transition-o-d,,,,,,06-08,09-14,13-14,,coaches,coaches_corner,,1078459865,[mpdl-file-link file_id=1317],https://powlax.com/wp-content/uploads/2020/08/Slow-Break-Offense-Lacrosse-POWLAX.webp
,,Spike Stickwork Drill,130,The Spike Stickwork &amp;Passing Drill Drill is an excellent warm up drill that emphasizes swinging the ball around the perimeter of the field while integrating variety of techniques.,offense,skill-drill,,,,,06-08,06-12,13-14,pdf_yes,coaches,coaches_corner,https://powlax.com/mp-files/spike-stickwork-drill-lacrosse-powlax.pdf/,1078533886,[mpdl-file-link file_id=1271],https://powlax.com/wp-content/uploads/2020/08/Spike-Stickwork-Passing-Drill-Lacrosse-POWLAX.webp
,,Star and Swing It Passing,131,Challenge your players by combining two separate drills into one exceptional drill while focusing on passing and catching on the run inside as well as exchanging the ball on the outside.,offense,skill-drill,,,,,06-08,09-10,09-10,pdf_yes,coaches,coaches_corner,https://powlax.com/mp-files/star-and-swing-it-drill-lacrosse-powlax.pdf/,1081205199,[mpdl-file-link file_id=1287],https://powlax.com/wp-content/uploads/2020/08/Star-and-Swing-It-Passing-Lacrosse-POWLAX.webp
,,Star Drill,132,An in-depth look into how to set up and run the classic Star Passing Drill and an innovative way to challenge players by adding in a wrinkle.,,skill-drill,,,,,06-08,09-10,09-10,pdf_yes,coaches,coaches_corner,https://powlax.com/mp-files/star-drill-lacrosse-powlax.pdf/,1092030965,[mpdl-file-link file_id=1275],https://powlax.com/wp-content/uploads/2020/08/Star-Passing-Lacrosse-POWLAX.webp
,,Subbing Through The Midline,134,This gives you a huge advantage if you can keep your opponents offense of personnel on the field!,clearing,,,,,,06-08,09-12,11-12,pdf_yes,coaches,coaches_corner,https://powlax.com/mp-files/subbing-through-the-midline-lacrosse-powlax.pdf/,1081205184,[mpdl-file-link file_id=1118],https://powlax.com/wp-content/uploads/2021/03/Subbing-Through-the-Midline-POWLAX-Lacrosse-.webp;https://powlax.com/wp-content/uploads/2021/03/Subbing-through-the-Midline-POWLAX-Lacrosse.webp
,,Sweep Fade Float Midfield Motion,178,21-12 Motion Offense Concept,offense,gameplay-concept,,,,,06-10,09-12,11-12,pdf_yes,coaches,coaches_corner,https://powlax.com/mp-files/21-12-motion-offense-pdf-lacrosse-powlax.pdf/,181826651,,
,,Swing It Drill,135,Teaching players the correct way to exchange the ball is imperative to setting up and running any offense. This drill will allow you to get reps at all types of skills and exchanges.,offense,skill-drill,,,,,06-08,09-10,09-10,pdf_yes,coaches,coaches_corner,https://powlax.com/mp-files/swing-it-drill-lacrosse-powlax.pdf/,1078459567,[mpdl-file-link file_id=1160],https://powlax.com/wp-content/uploads/2020/08/Swing-It-Passing-Lacrosse-POWLAX.webp
,,Technical Fouls of Lacrosse,181,Educational video explaining technical fouls.,,,,,,,06-08,06-18,15-18,,coaches;players;parents;referees,coaches_corner,,1078459017,,
,,The Riding Playbook,138,"How do we want our players to ride within the 3-3 Deep Zone Ride, 2 Down Windshield Wiper Ride, Goalie Ride, and Zero Ride.",riding,,,,,,09-10,11-14,13-14,pdf_yes,coaches,coaches_corner,https://powlax.com/mp-files/the-riding-playbook-lacrosse-powlax.pdf/,1078533367,[mpdl-file-link file_id=1277],https://powlax.com/wp-content/uploads/2023/11/The-Riding-Playbook-Thumbnail-1.webp;https://powlax.com/wp-content/uploads/2023/11/The-Riding-Playbook-Thumbnail.webp
,,Throwback Line Drills,139,"Players who don&#8217;t step away to free their hands end up turning the ball over. So, train them how to use north-south dodges, east-west dodges, and hands-free dodges with this simple and effective skill drill.",offense;defense,skill-drill,,,,,06-08,09-12,13-14,pdf_yes,coaches,coaches_corner,https://powlax.com/mp-files/throwback-line-drills-lacrosse-powlax.pdf/,182763087,[mpdl-file-link file_id=1251],https://powlax.com/wp-content/uploads/2020/08/Throwback-Line-Drills-Lacrosse-POWLAX-scaled.webp
,,Touch The Hat Approach Drill,140,This is a gauntlet style drill that will truly test how your defenseman approach when they’re tired.,defense,skill-drill,,,,,06-08,09-12,09-10,,coaches,coaches_corner,,1078533898,[mpdl-file-link file_id=1285],https://powlax.com/wp-content/uploads/2020/08/Touch-The-Hat-Approach-Drill-Lacrosse-POWLAX-scaled.webp
,,Trailer Fast Break (5v4),141,"Transition opportunities come in all shapes and sizes. This 5v4 break can be tough for players to recognize, but once they see the advantage, it&#8217;s hard to stop.",transition-o-d,,,,,,06-08,09-14,13-14,,coaches,coaches_corner,,1078459836,[mpdl-file-link file_id=1289],https://powlax.com/wp-content/uploads/2020/08/Trailer-Fast-Break-Lacrosse-POWLAX-scaled.webp;https://powlax.com/wp-content/uploads/2020/08/Trailer-Fast-Break-Lacrosse-POWLAX-1-scaled.webp
,,Triangle Approach Drill,142,The triangle approach drill is a simple drill that shows defenseman how to direct a dodger.,defense,1-v-1-competition,,,,,06-08,09-12,09-10,,coaches,coaches_corner,,1092030895,[mpdl-file-link file_id=1239],https://powlax.com/wp-content/uploads/2020/08/Triangle-Approach-Drill-Lacrosse-POWLAX.webp
,,Triangle Show Drill,143,"The Triangle Show Drill teaches players how an adjacent slide package works by simulating adjacent slides and recoveries in a 3v3 set. The players will learn:<br />1) Communication for on-ball and adjacent players.<br />2) Off ball stance and positioning.<br />3) Adjacent slide and recovery mechanics and communication for simple dodges, carry shallow cuts, and picks.",defense,gameplay-concept,,,,,06-10,09-12,11-12,pdf_yes,coaches,coaches_corner,https://powlax.com/mp-files/triangle-show-adjacent-slide-and-recovery-drill-lacrosse-powlax.pdf/,180762665,[mpdl-file-link file_id=1146],https://powlax.com/wp-content/uploads/2020/08/Triangle-Show-Drill-Lacrosse-POWLAX-scaled.webp
,,Trick Man Down Clear,92,Use substitutions to free up a midfielder on a man down dead ball clear.,clearing;man-down,,,,,,09-10,09-14,13-14,pdf_yes,coaches,coaches_corner,https://powlax.com/mp-files/a-complete-guide-to-man-down-defense-lacrosse-powlax.pdf/,1081206305,[mpdl-file-link file_id=1277],https://powlax.com/wp-content/uploads/2020/12/Trick-Clear-Man-Down-Defense-Lacrosse-POWLAX.webp
,,Types of 2 Man Games,145,An overview of all the different types of 2 Man Games,offense; 2-man-game,,,,,,06-10,06-12,11-12,pdf_yes,coaches,coaches_corner,https://powlax.com/mp-files/2-man-game-pdf.pdf/,1092030740,[mpdl-file-link file_id=1156],https://powlax.com/wp-content/uploads/2020/08/Types-of-2-Man-Games-Lacrosse-POWLAX.webp
,,UNC's 3 Man Slow Break Offense,146,This Slow Break Offense will allow you to get your offensive personnel on the field while creating strong hand feed and finish looks!,offense; transition-o-d,,,,,,09-14,11-14,13-14,pdf_yes,coaches,coaches_corner,https://powlax.com/mp-files/uncs-3-man-slow-break-offense-lacrosse-powlax.pdf/,1081204619,[mpdl-file-link file_id=1174],https://powlax.com/wp-content/uploads/2020/08/UNCs-3-Man-Slow-Break-Offense-Lacrosse-POWLAX.webp
,,Up Pick to Down Pick Box Offense,147,This simple offense combines 4 separate picks to run consistently and consecutively. It frustrates defenses by making them make decisions constantly and allows players to play fast within a structured offense that has a plethora of looks and playmaking opportunities.,offense; 2-man-game,gameplay-concept,,,,,09-14,13-14,13-14,pdf_yes,coaches,coaches_corner,https://powlax.com/mp-files/up-pick-to-down-pick-offense-lacrosse-powlax.pdf/,1078459700,[mpdl-file-link file_id=1211],https://powlax.com/wp-content/uploads/2020/08/Up-Pick-to-Down-Pick-Box-Offense-Lacrosse-POWLAX.webp
,,Using and Defending Box Picks,80,Learn the ins and outs of setting and defending picks in Box Lacrosse.,offense; defense,gameplay-concept,,,,,09-10,09-14,13-14,pdf_yes,coaches,coaches_corner,https://powlax.com/mp-files/using-and-defending-box-picks-box-lacrosse-powlax.pdf/,1078459157,[mpdl-file-link file_id=1253],https://powlax.com/wp-content/uploads/2020/08/Using-and-Defending-Box-Picks-Lacrosse-POWLAX.webp
,,Virginia's 2-2-2 from X,149,A staple in Virginia&#8217;s 2019 National Championship run! This is the play they used to beat Maryland and Duke in OT and used it to score 5 times in the National Championship against Yale!,offense,,,,,,09-14,11-14,13-14,pdf_yes,coaches,coaches_corner,https://powlax.com/mp-files/virginias-2-2-2-from-x-lacrosse-powlax.pdf/,1092030466,[mpdl-file-link file_id=1239],https://powlax.com/wp-content/uploads/2020/08/Virginias-2-2-2-From-X-1.webp
,,Virginia's 2-2-2 From X - Players Cut,182,Players version of Virginia's 2-2-2 From X,offense;set-plays,,,,,,09-10,11-14,13-14,pdf_yes,coaches,coaches_corner,https://powlax.com/mp-files/virginias-2-2-2-from-x-lacrosse-powlax.pdf/,1092030666,,
,,Virginia's Man Up Motions into a 3-3,148,Virginia’s Man Up Offense is an excellent example of how using simple motions to put playmakers in the right positions can be all you need.,man-up,,,,,,09-14,11-14,13-14,pdf_yes,coaches,coaches_corner,https://powlax.com/mp-files/virginias-man-up-motions-into-a-3-3-lacrosse-powlax.pdf/,1081204555,[mpdl-file-link file_id=1313],https://powlax.com/wp-content/uploads/2020/08/Virginias-Man-Up-Motions-into-a-3-3-Lacrosse-POWLAX.webp
,,Weave and Mumbo Box Offense,150,The Weave and Mumbo Box Lacrosse Offense is a simple motion offense based on the Duke Fade and Follow Offense. It&#8217;s easy for players to remember and creates a ton of great shooting opportunities!,offense,,,,,,06-08,09-12,11-12,pdf_yes,coaches,coaches_corner,https://powlax.com/mp-files/weave-and-mumbo-box-offense-lacrosse-powlax.pdf/,1078459324,[mpdl-file-link file_id=1257],https://powlax.com/wp-content/uploads/2020/08/Weave-and-Mumbo-Box-Offense-Lacrosse-POWLAX.webp
,,Wesleyans National Championship Zone Defense,151,Learn the ins and outs of Wesleyan’s 2018 National Championship 3-3 Zone Defense!,defense;zone-defense,,,,,,09-14,11-14,13-14,pdf_yes,coaches,coaches_corner,https://powlax.com/mp-files/wesleyans-national-championship-zone-defense-lacrosse-powlax.pdf/,1078533467,[mpdl-file-link file_id=1233],https://powlax.com/wp-content/uploads/2020/08/Wesleyans-National-Championship-Zone-POWLAX-Lacrosse.webp;https://powlax.com/wp-content/uploads/2020/08/Weseyan-3-3-Zone-POWLAX-Master-Class-Banner.webp;https://powlax.com/wp-content/uploads/2020/08/Take-This-As-A-Master-Class-Banner-Black-White-and-Gold.webp
,,West Genny,152,A detailed description of this &#8220;player favorite&#8221;competition drill that focuses on transition offensive and defensive concepts and can be modified to work on offensive motions and defensive slide packages.,offense;defense;transition-o-d,team-competition,,,,,06-10,09-12,11-12,,coaches,coaches_corner,,1092030446,[mpdl-file-link file_id=1229],https://powlax.com/wp-content/uploads/2020/08/West-Genny-Drill-Lacrosse-POWLAX-scaled.webp
,,What are North South Dodges?,100,"This video explains what north south Dodgers are, essentially these are Dodgers that begin on the perimeter of the field, where the dodger runs at the defenseman. So north is the perimeter of the field, south is the Crea area in front of the Goal.",offense,,,,,,06-08,09-12,13-14,,coaches,coaches_corner,,1092030428,[mpdl-file-link file_id=1293],
,,What Is Lacrosse,129,"I feel that the game is more than the rules and regulations. I tried to convey the soul of our game in all of its forms and honor it’s traditions while emphasizing that everyone can utilize their unique gifts. The game sells itself, but perhaps this will entice a few more families into joining our community.",,,,,,,06-08,06-18,15-18,pdf_yes,players;parents,coaches_corner,https://powlax.com/mp-files/what-is-lacrosse.pdf/,1092030354,[mpdl-file-link file_id=1263],https://powlax.com/wp-content/uploads/2020/08/So-Your-Kid-Wants-to-Play-Lacrosse-What-is-Lavcrosse.webp
,,Wheel Rotations vs Zone Defense,116,Wheel Rotations can be used to draw players in zones out of position so that we can create great offensive chances.,offense,,,,,,09-10,11-14,13-14,pdf_yes,coaches,coaches_corner,https://powlax.com/mp-files/how-to-beat-zone-defense-lacrosse-coaching-zone-offense-powlax.pdf/,1081204313,[mpdl-file-link file_id=1261],https://powlax.com/wp-content/uploads/2022/07/B0D15192-AA38-4769-9A6D-CB4C1B8EDE70.webp;https://powlax.com/wp-content/uploads/2022/07/4D8E331C-9ED8-4289-9F0F-46E896373CE4.webp
,,Wild Cat Trap Zone Defense,153,The Wild Cat Trap Zone Defense takes the traditional 3-3 Zone formation but flips the principles on their heads.,defense,,,,,,09-14,13-14,13-14,pdf_yes,coaches,coaches_corner,https://powlax.com/mp-files/wild-cat-trap-zone-defense-lacrosse-powlax.pdf/,1092030203,[mpdl-file-link file_id=1227],https://powlax.com/wp-content/uploads/2022/07/6455EDDD-31F9-4141-ADFC-C39E9C9175E3.webp
,,Wind Up 1v1's,154,"Wind Ups are the triple threat position in lacrosse. The ball carrier can dodge, pass, or shoot. It&#8217;s also extremely intimidating to defenders who don&#8217;t want to get hit with a shot. This drill focuses on teaching offensive players how to use wind ups to manipulate defenders and defenders how to stay poised and focused on playing proper defense.",offense,1-v-1-competition,,,,,06-08,09-12,11-12,,coaches,coaches_corner,,1092030158,[mpdl-file-link file_id=1281],https://powlax.com/wp-content/uploads/2020/08/Wind-Up-1v1s-Lacrosse-POWLAX-scaled.webp
,,Wind Up Dodging in Lacrosse,97,What are wind up dodges in lacrosse? An overview of popular wind up dodges in lacrosse.  Wind up Dodgers are Dodgers where the player will wind up like they're going to shoot and then dodge when the defender flinches.,offense,,,,,,06-08,09-12,13-14,,coaches,coaches_corner,,1092030117,[mpdl-file-link file_id=1287],https://powlax.com/wp-content/uploads/2022/11/Wind-Up-Dodges.webp
,,"Womens Lacrosse : How to Cradle, Switch Hands, and Catch",155,"Understanding how to cradle, switch hand, and catch with a womens stick vs a mens stick will allow for womens players to utilize all of the mens lacrosse skill content.",,,,,,,,,,,,coaches_corner,,1092252535,[mpdl-file-link file_id=1225],https://powlax.com/wp-content/uploads/2022/12/Skills-with-Womens-Sticks.webp
,,Womens Sticks: All the Skills Transfer,156,New technology has created women&#8217;s lacrosse sticks with nearly the same control as men&#8217;s sticks. Girls looking to play box lacrosse or pickup lacrosse with the boys should know that the skills they build will transfer to the new sticks.,,,,,,,06-08,06-08,09-10,,coaches,coaches_corner,,1092029976,[mpdl-file-link file_id=1269],https://powlax.com/wp-content/uploads/2022/11/Womens-Lacrosse-All-Skills-Transfer.webp
,,Wristers,157,Wristers are an essential drill to use in the box! Box Lacrosse is a much faster game with a lot less space. Wristers teach players how to snap off passes or shots in tight spaces without moving their hands away from their body. Wristers also incorporate learning how to use fakes.,,skill-drill,,,,,09-10,11-14,13-14,pdf_yes,coaches,coaches_corner,https://powlax.com/mp-files/wristers-box-lacrosse-finishing-drill-powlax.pdf/,1078533857,[mpdl-file-link file_id=1295],https://powlax.com/wp-content/uploads/2020/08/Wristers-Box-Lacrosse-Finishing-Drill-POWLAX.webp
,,Y Drill (21-12),158,This multi-purpose competition drill can be used to help your offense bridge the gap from smaller 3 motions and drills into a full 6v6 concept and teach defensive players the perfect off-ball positioning and show and slide techniques when a dodge is coming from X.,offense; defense; man-to-man,gameplay-concept,,,,,06-10,09-12,11-12,,coaches,coaches_corner,,1078459453,[mpdl-file-link file_id=1197],https://powlax.com/wp-content/uploads/2020/08/Y-Drill-Lacrosse-POWLAX-scaled.webp
,,Yale Bulldog Set Play vs Zone Defense,159,Yale ran this play vs Loyola’s Zone Defense,offense;set-plays,,,,,,09-10,11-14,13-14,pdf_yes,coaches,coaches_corner,https://powlax.com/mp-files/how-to-beat-zone-defense-lacrosse-coaching-zone-offense-powlax.pdf/,1081205119,[mpdl-file-link file_id=1307],https://powlax.com/wp-content/uploads/2022/07/2F55A719-1044-47FE-8813-91A56BFD28AA.webp
,,You're Ruining Reps with Greasy Balls! The POWLAX Greaser Expirament,174,All those old balls are ruining reps in practice. Get rid of them and upgrade to ECD Mint or Pearl X&#8217;s.,,,,,,,06-08,06-18,13-14,,coaches,coaches_corner,,1092029825,,