,,[vimeo id=],5 Min Coaching,,10 Minute Coaching,,Long Coaching,,5 Min No Coachng,,10 Min No Coaching,,Long No Coaching,
"[/embed]

Did you do the wall ball routine?",[embed],Master Fundamentals,https://vimeo.com/1027151925,"[embed]https://vimeo.com/1027151925[/embed]

Did you do the wall ball routine?",https://vimeo.com/1027165970,"[embed]https://vimeo.com/1027165970[/embed]

Did you do the wall ball routine?",https://vimeo.com/1028021156,"[embed]https://vimeo.com/1028021156[/embed]

Did you do the wall ball routine?",https://vimeo.com/1027147937,"[embed]https://vimeo.com/1027147937[/embed]

Did you do the wall ball routine?",https://vimeo.com/1027157079,"[embed]https://vimeo.com/1027157079[/embed]

Did you do the wall ball routine?",https://vimeo.com/1028020058,"[embed]https://vimeo.com/1028020058[/embed]

Did you do the wall ball routine?"
"[/embed]

Did you do the wall ball routine?",[embed],Faking and Finishing,https://vimeo.com/1027150823,"[embed]https://vimeo.com/1027150823[/embed]

Did you do the wall ball routine?",https://vimeo.com/1027164139,"[embed]https://vimeo.com/1027164139[/embed]

Did you do the wall ball routine?",https://vimeo.com/1028017893,"[embed]https://vimeo.com/1028017893[/embed]

Did you do the wall ball routine?",https://vimeo.com/1027147006,"[embed]https://vimeo.com/1027147006[/embed]

Did you do the wall ball routine?",https://vimeo.com/1027155661,"[embed]https://vimeo.com/1027155661[/embed]

Did you do the wall ball routine?",https://vimeo.com/1028017452,"[embed]https://vimeo.com/1028017452[/embed]

Did you do the wall ball routine?"
"[/embed]

Did you do the wall ball routine?",[embed],Conditioning,https://vimeo.com/1027149824,"[embed]https://vimeo.com/1027149824[/embed]

Did you do the wall ball routine?",https://vimeo.com/1027162408,"[embed]https://vimeo.com/1027162408[/embed]

Did you do the wall ball routine?",https://vimeo.com/1028016915,"[embed]https://vimeo.com/1028016915[/embed]

Did you do the wall ball routine?",https://vimeo.com/1027146622,"[embed]https://vimeo.com/1027146622[/embed]

Did you do the wall ball routine?",https://vimeo.com/1027154205,"[embed]https://vimeo.com/1027154205[/embed]

Did you do the wall ball routine?",https://vimeo.com/1027168563,"[embed]https://vimeo.com/1027168563[/embed]

Did you do the wall ball routine?"
"[/embed]

Did you do the wall ball routine?",[embed],Shooting ,https://vimeo.com/1027152366,"[embed]https://vimeo.com/1027152366[/embed]

Did you do the wall ball routine?",https://vimeo.com/1027166746,"[embed]https://vimeo.com/1027166746[/embed]

Did you do the wall ball routine?",https://vimeo.com/1028023379,"[embed]https://vimeo.com/1028023379[/embed]

Did you do the wall ball routine?",https://vimeo.com/1027148393,"[embed]https://vimeo.com/1027148393[/embed]

Did you do the wall ball routine?",https://vimeo.com/1027157788,"[embed]https://vimeo.com/1027157788[/embed]

Did you do the wall ball routine?",https://vimeo.com/1028022237,"[embed]https://vimeo.com/1028022237[/embed]

Did you do the wall ball routine?"
"[/embed]

Did you do the wall ball routine?",[embed],Catching Everything,https://vimeo.com/1027149340,"[embed]https://vimeo.com/1027149340[/embed]

Did you do the wall ball routine?",https://vimeo.com/1027161602,"[embed]https://vimeo.com/1027161602[/embed]

Did you do the wall ball routine?",https://vimeo.com/1028016454,"[embed]https://vimeo.com/1028016454[/embed]

Did you do the wall ball routine?",https://vimeo.com/1027146369,"[embed]https://vimeo.com/1027146369[/embed]

Did you do the wall ball routine?",https://vimeo.com/1027153488,"[embed]https://vimeo.com/1027153488[/embed]

Did you do the wall ball routine?",https://vimeo.com/1027167455,"[embed]https://vimeo.com/1027167455[/embed]

Did you do the wall ball routine?"
"[/embed]

Did you do the wall ball routine?",[embed],Long Pole,https://vimeo.com/1027151384,"[embed]https://vimeo.com/1027151384[/embed]

Did you do the wall ball routine?",https://vimeo.com/1027165123,"[embed]https://vimeo.com/1027165123[/embed]

Did you do the wall ball routine?",https://vimeo.com/1028020623,"[embed]https://vimeo.com/1028020623[/embed]

Did you do the wall ball routine?",https://vimeo.com/1027147420,"[embed]https://vimeo.com/1027147420[/embed]

Did you do the wall ball routine?",https://vimeo.com/1027156383,"[embed]https://vimeo.com/1027156383[/embed]

Did you do the wall ball routine?",https://vimeo.com/1028019471,"[embed]https://vimeo.com/1028019471[/embed]

Did you do the wall ball routine?"
"[/embed]

Did you do the wall ball routine?",[embed],Dodging,https://vimeo.com/1027150322,"[embed]https://vimeo.com/1027150322[/embed]

Did you do the wall ball routine?",https://vimeo.com/1027163275,"[embed]https://vimeo.com/1027163275[/embed]

Did you do the wall ball routine?",https://vimeo.com/1028018958,"[embed]https://vimeo.com/1028018958[/embed]

Did you do the wall ball routine?",https://vimeo.com/1027145617,"[embed]https://vimeo.com/1027145617[/embed]

Did you do the wall ball routine?",https://vimeo.com/1027154889,"[embed]https://vimeo.com/1027154889[/embed]

Did you do the wall ball routine?",https://vimeo.com/1028018449,"[embed]https://vimeo.com/1028018449[/embed]

Did you do the wall ball routine?"
"[/embed]

Did you do the wall ball routine?",[embed],Advanced and Fun,https://vimeo.com/1027148858,"[embed]https://vimeo.com/1027148858[/embed]

Did you do the wall ball routine?",https://vimeo.com/1027161186,"[embed]https://vimeo.com/1027161186[/embed]

Did you do the wall ball routine?",https://vimeo.com/1028022791,"[embed]https://vimeo.com/1028022791[/embed]

Did you do the wall ball routine?",https://vimeo.com/1027146103,"[embed]https://vimeo.com/1027146103[/embed]

Did you do the wall ball routine?",https://vimeo.com/1027152773,"[embed]https://vimeo.com/1027152773[/embed]

Did you do the wall ball routine?",https://vimeo.com/1028021728,"[embed]https://vimeo.com/1028021728[/embed]

Did you do the wall ball routine?"
],"[vimeo id=
",,,,,,,,,,,,,